INDEX,YEAR,MN,DT,RF,week
42935,2015,1,1,0.0,1
42935,2015,1,4,0.0,1
42935,2015,1,6,0.0,1
42935,2015,1,7,0.0,1
42935,2015,1,8,0.0,2
42935,2015,1,9,0.0,2
42935,2015,1,10,0.0,2
42935,2015,1,11,0.0,2
42935,2015,1,12,0.0,2
42935,2015,1,13,0.0,2
42935,2015,1,14,0.0,2
42935,2015,1,15,0.0,3
42935,2015,1,16,0.0,3
42935,2015,1,17,0.0,3
42935,2015,1,18,0.0,3
42935,2015,1,19,0.0,3
42935,2015,1,20,0.0,3
42935,2015,1,21,0.0,3
42935,2015,1,22,0.0,4
42935,2015,1,23,0.0,4
42935,2015,1,24,0.0,4
42935,2015,1,25,0.0,4
42935,2015,1,26,0.0,4
42935,2015,1,27,0.0,4
42935,2015,1,28,0.0,4
42935,2015,1,29,0.0,5
42935,2015,1,30,0.0,5
42935,2015,1,31,0.0,5
42935,2015,2,1,0.0,5
42935,2015,2,2,0.0,5
42935,2015,2,4,0.0,5
42935,2015,2,5,0.0,6
42935,2015,2,6,0.0,6
42935,2015,2,7,0.0,6
42935,2015,2,8,0.0,6
42935,2015,2,9,0.0,6
42935,2015,2,10,0.0,6
42935,2015,2,11,0.0,6
42935,2015,2,12,0.0,7
42935,2015,2,13,0.0,7
42935,2015,2,14,0.0,7
42935,2015,2,15,0.0,7
42935,2015,2,16,0.0,7
42935,2015,2,17,0.0,7
42935,2015,2,18,0.0,7
42935,2015,2,19,0.0,8
42935,2015,2,20,0.0,8
42935,2015,2,21,0.0,8
42935,2015,2,22,0.0,8
42935,2015,2,23,0.0,8
42935,2015,2,24,0.0,8
42935,2015,2,25,0.0,8
42935,2015,2,26,0.0,9
42935,2015,2,27,0.0,9
42935,2015,2,28,0.0,9
42935,2015,3,1,0.0,9
42935,2015,3,2,36.0,9
42935,2015,3,3,0.0,9
42935,2015,3,4,0.0,9
42935,2015,3,5,0.0,10
42935,2015,3,6,0.0,10
42935,2015,3,7,0.0,10
42935,2015,3,8,0.0,10
42935,2015,3,9,0.0,10
42935,2015,3,10,0.0,10
42935,2015,3,11,0.0,10
42935,2015,3,12,0.0,11
42935,2015,3,13,0.0,11
42935,2015,3,14,0.0,11
42935,2015,3,15,,11
42935,2015,3,16,0.0,11
42935,2015,3,17,0.0,11
42935,2015,3,18,0.0,11
42935,2015,3,19,0.0,12
42935,2015,3,20,0.0,12
42935,2015,3,21,0.0,12
42935,2015,3,22,0.0,12
42935,2015,3,23,0.0,12
42935,2015,3,24,0.0,12
42935,2015,3,25,0.0,12
42935,2015,3,26,0.0,13
42935,2015,3,27,0.0,13
42935,2015,3,28,0.0,13
42935,2015,3,29,0.0,13
42935,2015,3,30,0.0,13
42935,2015,3,31,0.0,13
42935,2015,4,1,0.0,13
42935,2015,4,2,0.0,14
42935,2015,4,3,0.0,14
42935,2015,4,4,0.0,14
42935,2015,4,5,0.0,14
42935,2015,4,7,0.0,14
42935,2015,4,8,0.0,14
42935,2015,4,9,0.0,15
42935,2015,4,10,0.0,15
42935,2015,4,11,0.0,15
42935,2015,4,12,0.0,15
42935,2015,4,13,0.0,15
42935,2015,4,14,0.0,15
42935,2015,4,15,,15
42935,2015,4,16,24.0,16
42935,2015,4,18,0.0,16
42935,2015,4,19,0.0,16
42935,2015,4,20,0.0,16
42935,2015,4,21,0.0,16
42935,2015,4,22,0.0,16
42935,2015,4,23,0.0,17
42935,2015,4,24,0.0,17
42935,2015,4,25,0.0,17
42935,2015,4,26,0.0,17
42935,2015,4,27,0.0,17
42935,2015,4,28,0.0,17
42935,2015,4,29,0.0,17
42935,2015,4,30,0.0,18
42935,2015,5,1,0.0,18
42935,2015,5,2,0.0,18
42935,2015,5,3,0.0,18
42935,2015,5,4,0.0,18
42935,2015,5,5,0.0,18
42935,2015,5,6,0.0,18
42935,2015,5,7,0.0,19
42935,2015,5,8,0.0,19
42935,2015,5,9,0.0,19
42935,2015,5,10,0.0,19
42935,2015,5,11,0.0,19
42935,2015,5,12,0.0,19
42935,2015,5,13,0.0,19
42935,2015,5,14,0.0,20
42935,2015,5,17,0.0,20
42935,2015,5,18,0.0,20
42935,2015,5,19,0.0,20
42935,2015,5,20,0.0,20
42935,2015,5,21,0.0,21
42935,2015,5,22,0.0,21
42935,2015,5,23,0.0,21
42935,2015,5,24,0.0,21
42935,2015,5,25,0.0,21
42935,2015,5,26,0.0,21
42935,2015,5,27,0.0,21
42935,2015,5,28,0.0,22
42935,2015,5,29,0.0,22
42935,2015,5,30,0.0,22
42935,2015,5,31,0.0,22
42935,2015,6,1,0.0,22
42935,2015,6,2,0.0,22
42935,2015,6,3,0.0,22
42935,2015,6,4,0.0,23
42935,2015,6,5,4.0,23
42935,2015,6,6,0.0,23
42935,2015,6,7,0.0,23
42935,2015,6,8,0.0,23
42935,2015,6,9,0.0,23
42935,2015,6,10,0.0,23
42935,2015,6,11,0.0,24
42935,2015,6,12,0.0,24
42935,2015,6,13,0.0,24
42935,2015,6,14,0.0,24
42935,2015,6,15,8.0,24
42935,2015,6,16,0.0,24
42935,2015,6,17,98.0,24
42935,2015,6,18,14.0,25
42935,2015,6,19,0.0,25
42935,2015,6,20,0.0,25
42935,2015,6,21,4.0,25
42935,2015,6,22,0.0,25
42935,2015,6,23,37.0,25
42935,2015,6,24,8.5,25
42935,2015,6,25,0.0,26
42935,2015,6,26,0.0,26
42935,2015,6,27,0.0,26
42935,2015,6,28,0.0,26
42935,2015,6,29,0.0,26
42935,2015,6,30,0.0,26
42935,2015,7,1,0.0,26
42935,2015,7,2,0.0,27
42935,2015,7,3,0.0,27
42935,2015,7,4,0.0,27
42935,2015,7,5,0.0,27
42935,2015,7,6,0.0,27
42935,2015,7,7,0.0,27
42935,2015,7,8,0.0,27
42935,2015,7,9,0.0,28
42935,2015,7,10,0.0,28
42935,2015,7,11,0.0,28
42935,2015,7,12,0.0,28
42935,2015,7,13,0.0,28
42935,2015,7,14,0.0,28
42935,2015,7,15,0.0,28
42935,2015,7,16,0.0,29
42935,2015,7,17,0.0,29
42935,2015,7,18,0.0,29
42935,2015,7,19,0.0,29
42935,2015,7,20,0.0,29
42935,2015,7,21,0.0,29
42935,2015,7,22,0.0,29
42935,2015,7,23,0.0,30
42935,2015,7,24,0.0,30
42935,2015,7,25,0.0,30
42935,2015,7,26,0.0,30
42935,2015,7,27,0.0,30
42935,2015,7,28,0.0,30
42935,2015,7,29,0.0,30
42935,2015,7,30,0.0,31
42935,2015,7,31,0.0,31
42935,2015,8,1,0.0,31
42935,2015,8,2,0.0,31
42935,2015,8,3,0.0,31
42935,2015,8,4,0.0,31
42935,2015,8,5,0.0,31
42935,2015,8,6,0.0,32
42935,2015,8,7,0.0,32
42935,2015,8,8,0.0,32
42935,2015,8,9,0.0,32
42935,2015,8,10,0.0,32
42935,2015,8,11,0.0,32
42935,2015,8,12,0.0,32
42935,2015,8,13,0.0,33
42935,2015,8,14,0.0,33
42935,2015,8,15,0.0,33
42935,2015,8,16,0.0,33
42935,2015,8,17,0.0,33
42935,2015,8,18,0.0,33
42935,2015,8,19,0.0,33
42935,2015,8,20,0.0,34
42935,2015,8,21,0.0,34
42935,2015,8,22,0.0,34
42935,2015,8,23,0.0,34
42935,2015,8,24,0.0,34
42935,2015,8,25,0.0,34
42935,2015,8,26,0.0,34
42935,2015,8,27,0.0,35
42935,2015,8,28,0.0,35
42935,2015,8,29,0.0,35
42935,2015,8,30,0.0,35
42935,2015,8,31,0.0,35
42935,2015,9,1,0.0,35
42935,2015,9,2,0.0,35
42935,2015,9,3,0.0,36
42935,2015,9,4,0.0,36
42935,2015,9,5,0.0,36
42935,2015,9,6,0.0,36
42935,2015,9,7,0.0,36
42935,2015,9,8,0.0,36
42935,2015,9,9,0.0,36
42935,2015,9,10,0.0,37
42935,2015,9,11,0.0,37
42935,2015,9,12,0.0,37
42935,2015,9,13,0.0,37
42935,2015,9,14,0.0,37
42935,2015,9,15,0.0,37
42935,2015,9,16,0.0,37
42935,2015,9,17,0.0,38
42935,2015,9,18,0.0,38
42935,2015,9,19,0.0,38
42935,2015,9,20,0.0,38
42935,2015,9,21,0.0,38
42935,2015,9,22,0.0,38
42935,2015,9,23,0.0,38
42935,2015,9,24,0.0,39
42935,2015,9,25,0.0,39
42935,2015,9,26,0.0,39
42935,2015,9,27,0.0,39
42935,2015,9,28,0.0,39
42935,2015,9,29,0.0,39
42935,2015,9,30,,39
42935,2015,10,1,0.0,40
42935,2015,10,2,0.0,40
42935,2015,10,3,0.0,40
42935,2015,10,4,0.0,40
42935,2015,10,5,0.0,40
42935,2015,10,6,0.0,40
42935,2015,10,7,0.0,40
42935,2015,10,8,0.0,41
42935,2015,10,9,0.0,41
42935,2015,10,10,0.0,41
42935,2015,10,11,0.0,41
42935,2015,10,12,0.0,41
42935,2015,10,13,0.0,41
42935,2015,10,14,0.0,41
42935,2015,10,15,0.0,42
42935,2015,10,16,0.0,42
42935,2015,10,17,0.0,42
42935,2015,10,18,0.0,42
42935,2015,10,19,0.0,42
42935,2015,10,20,0.0,42
42935,2015,10,21,0.0,42
42935,2015,10,22,0.0,43
42935,2015,10,23,0.0,43
42935,2015,10,24,0.0,43
42935,2015,10,25,0.0,43
42935,2015,10,26,0.0,43
42935,2015,10,27,0.0,43
42935,2015,10,28,0.0,43
42935,2015,10,29,0.0,44
42935,2015,10,30,0.0,44
42935,2015,10,31,0.0,44
42935,2015,11,1,0.0,44
42935,2015,11,2,0.0,44
42935,2015,11,3,0.0,44
42935,2015,11,4,0.0,44
42935,2015,11,5,0.0,45
42935,2015,11,6,0.0,45
42935,2015,11,7,0.0,45
42935,2015,11,8,0.0,45
42935,2015,11,9,0.0,45
42935,2015,11,10,0.0,45
42935,2015,11,11,0.0,45
42935,2015,11,12,0.0,46
42935,2015,11,13,0.0,46
42935,2015,11,14,0.0,46
42935,2015,11,15,0.0,46
42935,2015,11,16,0.0,46
42935,2015,11,17,0.0,46
42935,2015,11,18,0.0,46
42935,2015,11,19,0.0,47
42935,2015,11,20,0.0,47
42935,2015,11,21,0.0,47
42935,2015,11,22,0.0,47
42935,2015,11,23,0.0,47
42935,2015,11,24,0.0,47
42935,2015,11,25,0.0,47
42935,2015,11,26,0.0,48
42935,2015,11,27,0.0,48
42935,2015,11,28,0.0,48
42935,2015,11,29,0.0,48
42935,2015,11,30,0.0,48
42935,2015,12,1,0.0,48
42935,2015,12,2,0.0,48
42935,2015,12,3,0.0,49
42935,2015,12,4,0.0,49
42935,2015,12,5,0.0,49
42935,2015,12,6,0.0,49
42935,2015,12,7,0.0,49
42935,2015,12,8,0.0,49
42935,2015,12,9,0.0,49
42935,2015,12,10,0.0,50
42935,2015,12,11,0.0,50
42935,2015,12,12,0.0,50
42935,2015,12,13,0.0,50
42935,2015,12,14,0.0,50
42935,2015,12,15,0.0,50
42935,2015,12,16,0.0,50
42935,2015,12,17,0.0,51
42935,2015,12,18,0.0,51
42935,2015,12,19,0.0,51
42935,2015,12,20,0.0,51
42935,2015,12,21,0.0,51
42935,2015,12,22,0.0,51
42935,2015,12,23,0.0,51
42935,2015,12,24,0.0,52
42935,2015,12,25,0.0,52
42935,2015,12,26,0.0,52
42935,2015,12,27,0.0,52
42935,2015,12,28,0.0,52
42935,2015,12,29,0.0,52
42935,2015,12,30,0.0,52
42935,2015,12,31,0.0,53
42935,2016,1,1,0.0,1
42935,2016,1,2,0.0,1
42935,2016,1,3,0.0,1
42935,2016,1,4,0.0,1
42935,2016,1,5,0.0,1
42935,2016,1,6,0.0,1
42935,2016,1,7,0.0,1
42935,2016,1,8,0.0,2
42935,2016,1,9,0.0,2
42935,2016,1,10,0.0,2
42935,2016,1,12,0.0,2
42935,2016,1,13,0.0,2
42935,2016,1,14,0.0,2
42935,2016,1,15,0.0,3
42935,2016,1,16,0.0,3
42935,2016,1,17,0.0,3
42935,2016,1,18,0.0,3
42935,2016,1,19,0.0,3
42935,2016,1,20,0.0,3
42935,2016,1,21,0.0,3
42935,2016,1,22,0.0,4
42935,2016,1,23,0.0,4
42935,2016,1,24,0.0,4
42935,2016,1,25,0.0,4
42935,2016,1,26,,4
42935,2016,1,27,0.0,4
42935,2016,1,28,0.0,4
42935,2016,1,29,0.0,5
42935,2016,1,30,0.0,5
42935,2016,2,1,0.0,5
42935,2016,2,2,0.0,5
42935,2016,2,3,0.0,5
42935,2016,2,4,0.0,5
42935,2016,2,5,0.0,6
42935,2016,2,6,0.0,6
42935,2016,2,7,0.0,6
42935,2016,2,8,0.0,6
42935,2016,2,9,0.0,6
42935,2016,2,10,0.0,6
42935,2016,2,11,0.0,6
42935,2016,2,12,0.0,7
42935,2016,2,13,0.0,7
42935,2016,2,14,0.0,7
42935,2016,2,15,0.0,7
42935,2016,2,16,0.0,7
42935,2016,2,17,0.0,7
42935,2016,2,18,0.0,7
42935,2016,2,19,0.0,8
42935,2016,2,20,0.0,8
42935,2016,2,21,0.0,8
42935,2016,2,23,0.0,8
42935,2016,2,24,0.0,8
42935,2016,2,25,0.0,8
42935,2016,2,26,0.0,9
42935,2016,2,27,0.0,9
42935,2016,2,28,0.0,9
42935,2016,2,29,0.0,9
42935,2016,3,1,0.0,9
42935,2016,3,2,0.0,9
42935,2016,3,3,0.0,9
42935,2016,3,4,0.0,10
42935,2016,3,5,0.0,10
42935,2016,3,6,0.0,10
42935,2016,3,7,0.0,10
42935,2016,3,8,0.0,10
42935,2016,3,9,0.0,10
42935,2016,3,10,0.0,10
42935,2016,3,11,0.0,11
42935,2016,3,12,0.0,11
42935,2016,3,13,0.0,11
42935,2016,3,14,,11
42935,2016,3,15,0.0,11
42935,2016,3,16,0.0,11
42935,2016,3,17,0.0,11
42935,2016,3,18,0.0,12
42935,2016,3,19,0.0,12
42935,2016,3,20,0.0,12
42935,2016,3,21,0.0,12
42935,2016,3,22,0.0,12
42935,2016,3,23,0.0,12
42935,2016,3,24,0.0,12
42935,2016,3,25,0.0,13
42935,2016,3,26,0.0,13
42935,2016,3,27,0.0,13
42935,2016,3,28,0.0,13
42935,2016,3,29,0.0,13
42935,2016,3,30,0.0,13
42935,2016,3,31,0.0,13
42935,2016,4,1,0.0,14
42935,2016,4,2,0.0,14
42935,2016,4,3,0.0,14
42935,2016,4,4,0.0,14
42935,2016,4,5,0.0,14
42935,2016,4,6,0.0,14
42935,2016,4,7,0.0,14
42935,2016,4,8,0.0,15
42935,2016,4,9,0.0,15
42935,2016,4,10,0.0,15
42935,2016,4,11,0.0,15
42935,2016,4,12,0.0,15
42935,2016,4,13,0.0,15
42935,2016,4,14,0.0,15
42935,2016,4,15,0.0,16
42935,2016,4,16,0.0,16
42935,2016,4,17,0.0,16
42935,2016,4,18,0.0,16
42935,2016,4,19,0.0,16
42935,2016,4,20,0.0,16
42935,2016,4,21,0.0,16
42935,2016,4,22,0.0,17
42935,2016,4,23,0.0,17
42935,2016,4,25,0.0,17
42935,2016,4,26,0.0,17
42935,2016,4,27,0.0,17
42935,2016,4,28,0.0,17
42935,2016,4,29,0.0,18
42935,2016,4,30,0.0,18
42935,2016,5,1,0.0,18
42935,2016,5,2,0.0,18
42935,2016,5,3,0.0,18
42935,2016,5,4,0.0,18
42935,2016,5,5,0.0,18
42935,2016,5,6,,19
42935,2016,5,9,0.0,19
42935,2016,5,10,0.0,19
42935,2016,5,11,0.0,19
42935,2016,5,12,0.0,19
42935,2016,5,13,0.0,20
42935,2016,5,14,0.0,20
42935,2016,5,15,0.0,20
42935,2016,5,16,0.0,20
42935,2016,5,17,0.0,20
42935,2016,5,18,0.0,20
42935,2016,5,19,0.0,20
42935,2016,5,20,0.0,21
42935,2016,5,21,0.0,21
42935,2016,5,23,0.0,21
42935,2016,5,24,0.0,21
42935,2016,5,25,0.0,21
42935,2016,5,26,0.0,21
42935,2016,5,27,0.0,22
42935,2016,5,28,0.0,22
42935,2016,5,29,0.0,22
42935,2016,5,30,0.0,22
42935,2016,5,31,0.0,22
42935,2016,6,1,0.0,22
42935,2016,6,2,0.0,22
42935,2016,6,3,0.0,23
42935,2016,6,4,0.0,23
42935,2016,6,5,0.0,23
42935,2016,6,6,0.0,23
42935,2016,6,7,0.0,23
42935,2016,6,8,0.0,23
42935,2016,6,9,,23
42935,2016,6,10,0.0,24
42935,2016,6,11,0.0,24
42935,2016,6,12,0.0,24
42935,2016,6,13,0.0,24
42935,2016,6,14,0.0,24
42935,2016,6,15,0.0,24
42935,2016,6,16,0.0,24
42935,2016,6,17,0.0,25
42935,2016,6,18,0.0,25
42935,2016,6,20,0.0,25
42935,2016,6,21,0.0,25
42935,2016,6,22,0.0,25
42935,2016,6,23,0.0,25
42935,2016,6,24,0.0,26
42935,2016,6,25,0.0,26
42935,2016,6,26,0.0,26
42935,2016,6,27,0.0,26
42935,2016,6,28,0.0,26
42935,2016,6,29,0.0,26
42935,2016,6,30,0.0,26
42935,2016,7,1,0.0,27
42935,2016,7,2,0.0,27
42935,2016,7,3,0.0,27
42935,2016,7,4,0.0,27
42935,2016,7,5,0.0,27
42935,2016,7,6,0.0,27
42935,2016,7,7,0.0,27
42935,2016,7,8,0.0,28
42935,2016,7,9,0.0,28
42935,2016,7,10,0.0,28
42935,2016,7,11,0.0,28
42935,2016,7,12,0.0,28
42935,2016,7,13,0.0,28
42935,2016,7,14,0.0,28
42935,2016,7,15,0.0,29
42935,2016,7,16,0.0,29
42935,2016,7,17,0.0,29
42935,2016,7,18,0.0,29
42935,2016,7,19,0.0,29
42935,2016,7,20,0.0,29
42935,2016,7,21,0.0,29
42935,2016,7,22,0.0,30
42935,2016,7,23,0.0,30
42935,2016,7,24,0.0,30
42935,2016,7,25,0.0,30
42935,2016,7,26,0.0,30
42935,2016,7,27,0.0,30
42935,2016,7,28,0.0,30
42935,2016,7,29,0.0,31
42935,2016,7,30,0.0,31
42935,2016,7,31,0.0,31
42935,2016,8,1,0.0,31
42935,2016,8,2,0.0,31
42935,2016,8,3,0.0,31
42935,2016,8,4,0.0,31
42935,2016,8,5,0.0,32
42935,2016,8,6,0.0,32
42935,2016,8,7,0.0,32
42935,2016,8,8,0.0,32
42935,2016,8,9,0.0,32
42935,2016,8,10,0.0,32
42935,2016,8,11,0.0,32
42935,2016,8,12,0.0,33
42935,2016,8,13,0.0,33
42935,2016,8,15,0.0,33
42935,2016,8,16,0.0,33
42935,2016,8,17,0.0,33
42935,2016,8,18,0.0,33
42935,2016,8,19,0.0,34
42935,2016,8,20,0.0,34
42935,2016,8,21,0.0,34
42935,2016,8,22,0.0,34
42935,2016,8,23,0.0,34
42935,2016,8,24,0.0,34
42935,2016,8,25,0.0,34
42935,2016,8,26,0.0,35
42935,2016,8,27,0.0,35
42935,2016,8,28,0.0,35
42935,2016,8,29,0.0,35
42935,2016,8,30,0.0,35
42935,2016,8,31,0.0,35
42935,2016,9,1,0.0,35
42935,2016,9,2,0.0,36
42935,2016,9,3,0.0,36
42935,2016,9,4,0.0,36
42935,2016,9,5,0.0,36
42935,2016,9,6,0.0,36
42935,2016,9,7,0.0,36
42935,2016,9,9,0.0,37
42935,2016,9,10,0.0,37
42935,2016,9,11,0.0,37
42935,2016,9,12,0.0,37
42935,2016,9,13,0.0,37
42935,2016,9,14,0.0,37
42935,2016,9,15,0.0,37
42935,2016,9,16,0.0,38
42935,2016,9,17,0.0,38
42935,2016,9,18,0.0,38
42935,2016,9,19,0.0,38
42935,2016,9,20,0.0,38
42935,2016,9,21,0.0,38
42935,2016,9,22,0.0,38
42935,2016,9,23,0.0,39
42935,2016,9,24,0.0,39
42935,2016,9,25,0.0,39
42935,2016,9,26,0.0,39
42935,2016,9,27,0.0,39
42935,2016,9,29,0.0,39
42935,2016,9,30,0.0,40
42935,2016,10,1,0.0,40
42935,2016,10,2,0.0,40
42935,2016,10,3,0.0,40
42935,2016,10,4,0.0,40
42935,2016,10,5,0.0,40
42935,2016,10,6,0.0,40
42935,2016,10,7,0.0,41
42935,2016,10,8,0.0,41
42935,2016,10,9,0.0,41
42935,2016,10,10,0.0,41
42935,2016,10,11,0.0,41
42935,2016,10,12,0.0,41
42935,2016,10,13,0.0,41
42935,2016,10,14,0.0,42
42935,2016,10,15,0.0,42
42935,2016,10,16,0.0,42
42935,2016,10,17,0.0,42
42935,2016,10,18,0.0,42
42935,2016,10,19,0.0,42
42935,2016,10,20,0.0,42
42935,2016,10,21,0.0,43
42935,2016,10,22,0.0,43
42935,2016,10,24,0.0,43
42935,2016,10,25,0.0,43
42935,2016,10,26,0.0,43
42935,2016,10,27,0.0,43
42935,2016,10,28,0.0,44
42935,2016,10,29,0.0,44
42935,2016,10,30,0.0,44
42935,2016,11,1,0.0,44
42935,2016,11,2,0.0,44
42935,2016,11,4,0.0,45
42935,2016,11,5,0.0,45
42935,2016,11,6,0.0,45
42935,2016,11,7,0.0,45
42935,2016,11,8,0.0,45
42935,2016,11,9,0.0,45
42935,2016,11,10,0.0,45
42935,2016,11,11,0.0,46
42935,2016,11,12,0.0,46
42935,2016,11,13,0.0,46
42935,2016,11,14,0.0,46
42935,2016,11,15,0.0,46
42935,2016,11,16,0.0,46
42935,2016,11,18,0.0,47
42935,2016,11,19,0.0,47
42935,2016,11,20,0.0,47
42935,2016,11,21,0.0,47
42935,2016,11,22,0.0,47
42935,2016,11,23,0.0,47
42935,2016,11,24,0.0,47
42935,2016,11,25,0.0,48
42935,2016,11,26,0.0,48
42935,2016,11,27,0.0,48
42935,2016,11,28,0.0,48
42935,2016,11,29,0.0,48
42935,2016,11,30,0.0,48
42935,2016,12,1,0.0,48
42935,2016,12,3,0.0,49
42935,2016,12,5,0.0,49
42935,2016,12,6,0.0,49
42935,2016,12,7,0.0,49
42935,2016,12,8,0.0,49
42935,2016,12,9,0.0,50
42935,2016,12,11,0.0,50
42935,2016,12,12,0.0,50
42935,2016,12,13,0.0,50
42935,2016,12,14,0.0,50
42935,2016,12,15,0.0,50
42935,2016,12,16,0.0,51
42935,2016,12,17,0.0,51
42935,2016,12,19,0.0,51
42935,2016,12,20,0.0,51
42935,2016,12,21,0.0,51
42935,2016,12,22,0.0,51
42935,2016,12,23,0.0,52
42935,2016,12,24,0.0,52
42935,2016,12,26,0.0,52
42935,2016,12,27,0.0,52
42935,2016,12,28,0.0,52
42935,2016,12,29,0.0,52
42935,2016,12,30,0.0,53
42935,2016,12,31,0.0,53
42935,2017,1,1,0.0,1
42935,2017,1,2,0.0,1
42935,2017,1,4,0.0,1
42935,2017,1,5,0.0,1
42935,2017,1,7,0.0,1
42935,2017,1,10,0.0,2
42935,2017,1,11,0.0,2
42935,2017,1,14,0.0,2
42935,2017,1,15,0.0,3
42935,2017,1,16,0.0,3
42935,2017,1,17,0.0,3
42935,2017,1,18,0.0,3
42935,2017,1,19,0.0,3
42935,2017,1,20,0.0,3
42935,2017,1,22,0.0,4
42935,2017,1,23,0.0,4
42935,2017,1,24,0.0,4
42935,2017,1,25,0.0,4
42935,2017,1,26,0.0,4
42935,2017,1,27,0.0,4
42935,2017,1,29,0.0,5
42935,2017,1,30,0.0,5
42935,2017,1,31,,5
42935,2017,2,1,0.0,5
42935,2017,2,2,0.0,5
42935,2017,2,3,0.0,5
42935,2017,2,4,0.0,5
42935,2017,2,5,0.0,6
42935,2017,2,6,0.0,6
42935,2017,2,7,0.0,6
42935,2017,2,8,0.0,6
42935,2017,2,9,0.0,6
42935,2017,2,10,0.0,6
42935,2017,2,11,,6
42935,2017,2,12,0.0,7
42935,2017,2,13,0.0,7
42935,2017,2,14,0.0,7
42935,2017,2,15,0.0,7
42935,2017,2,16,0.0,7
42935,2017,2,17,0.0,7
42935,2017,2,18,0.0,7
42935,2017,2,19,0.0,8
42935,2017,2,20,0.0,8
42935,2017,2,21,0.0,8
42935,2017,2,22,0.0,8
42935,2017,2,23,0.0,8
42935,2017,2,24,0.0,8
42935,2017,2,25,,8
42935,2017,2,26,0.0,9
42935,2017,2,27,0.0,9
42935,2017,2,28,0.0,9
42935,2017,3,1,0.0,9
42935,2017,3,2,0.0,9
42935,2017,3,3,0.0,9
42935,2017,3,4,0.0,9
42935,2017,3,6,0.0,10
42935,2017,3,8,0.0,10
42935,2017,3,9,0.0,10
42935,2017,3,10,0.0,10
42935,2017,3,14,0.0,11
42935,2017,3,15,0.0,11
42935,2017,3,16,0.0,11
42935,2017,3,18,0.0,11
42935,2017,3,19,0.0,12
42935,2017,3,20,0.0,12
42935,2017,3,21,0.0,12
42935,2017,3,22,0.0,12
42935,2017,3,23,0.0,12
42935,2017,3,24,0.0,12
42935,2017,3,25,0.0,12
42935,2017,3,26,0.0,13
42935,2017,3,27,0.0,13
42935,2017,3,29,0.0,13
42935,2017,3,30,,13
42935,2017,4,1,0.0,13
42935,2017,4,2,0.0,14
42935,2017,4,3,0.0,14
42935,2017,4,4,,14
42935,2017,4,5,0.0,14
42935,2017,4,6,0.0,14
42935,2017,4,7,0.0,14
42935,2017,4,8,0.0,14
42935,2017,4,10,0.0,15
42935,2017,4,11,0.0,15
42935,2017,4,12,0.0,15
42935,2017,4,13,0.0,15
42935,2017,4,14,0.0,15
42935,2017,4,15,0.0,15
42935,2017,4,16,0.0,16
42935,2017,4,17,0.0,16
42935,2017,4,18,0.0,16
42935,2017,4,19,0.0,16
42935,2017,4,20,0.0,16
42935,2017,4,21,0.0,16
42935,2017,4,22,0.0,16
42935,2017,4,23,0.0,17
42935,2017,4,25,0.0,17
42935,2017,4,26,0.0,17
42935,2017,4,27,0.0,17
42935,2017,4,28,0.0,17
42935,2017,4,29,0.0,17
42935,2017,4,30,0.0,18
42935,2017,5,1,0.0,18
42935,2017,5,2,0.0,18
42935,2017,5,3,0.0,18
42935,2017,5,4,0.0,18
42935,2017,5,5,0.0,18
42935,2017,5,6,0.0,18
42935,2017,5,8,0.0,19
42935,2017,5,9,0.0,19
42935,2017,5,10,0.0,19
42935,2017,5,11,0.0,19
42935,2017,5,12,0.0,19
42935,2017,5,13,0.0,19
42935,2017,5,14,0.0,20
42935,2017,5,15,0.0,20
42935,2017,5,16,0.0,20
42935,2017,5,17,0.0,20
42935,2017,5,18,0.0,20
42935,2017,5,19,0.0,20
42935,2017,5,20,0.0,20
42935,2017,5,22,0.0,21
42935,2017,5,24,0.0,21
42935,2017,5,26,0.0,21
42935,2017,5,27,0.0,21
42935,2017,5,28,0.0,22
42935,2017,5,29,0.0,22
42935,2017,5,30,0.0,22
42935,2017,5,31,0.0,22
42935,2017,6,1,0.0,22
42935,2017,6,2,0.0,22
42935,2017,6,3,6.8,22
42935,2017,6,4,0.0,23
42935,2017,6,5,3.1,23
42935,2017,6,6,0.0,23
42935,2017,6,7,0.0,23
42935,2017,6,8,0.0,23
42935,2017,6,9,23.0,23
42935,2017,6,10,0.0,23
42935,2017,6,11,1.0,24
42935,2017,6,12,50.0,24
42935,2017,6,13,0.0,24
42935,2017,6,14,13.0,24
42935,2017,6,15,0.0,24
42935,2017,6,16,45.0,24
42935,2017,6,17,0.0,24
42935,2017,6,18,0.0,25
42935,2017,6,19,0.0,25
42935,2017,6,20,6.0,25
42935,2017,6,21,4.0,25
42935,2017,6,22,0.0,25
42935,2017,6,23,0.0,25
42935,2017,6,24,0.0,25
42935,2017,6,25,6.1,26
42935,2017,6,26,2.0,26
42935,2017,6,27,25.0,26
42935,2017,6,28,0.0,26
42935,2017,6,29,0.0,26
42935,2017,6,30,0.0,26
42935,2017,7,1,0.0,26
42935,2017,7,2,6.0,27
42935,2017,7,3,0.0,27
42935,2017,7,4,0.0,27
42935,2017,7,5,0.0,27
42935,2017,7,6,6.0,27
42935,2017,7,7,0.0,27
42935,2017,7,8,0.0,27
42935,2017,7,9,0.0,28
42935,2017,7,10,0.0,28
42935,2017,7,11,0.0,28
42935,2017,7,12,0.0,28
42935,2017,7,13,4.3,28
42935,2017,7,14,12.0,28
42935,2017,7,15,0.0,28
42935,2017,7,16,30.4,29
42935,2017,7,17,41.4,29
42935,2017,7,18,1.2,29
42935,2017,7,19,10.8,29
42935,2017,7,20,7.2,29
42935,2017,7,21,2.0,29
42935,2017,7,22,0.0,29
42935,2017,7,23,5.4,30
42935,2017,7,24,8.0,30
42935,2017,7,25,0.0,30
42935,2017,7,26,8.0,30
42935,2017,7,27,0.0,30
42935,2017,7,28,3.0,30
42935,2017,7,29,0.0,30
42935,2017,7,30,1.0,31
42935,2017,7,31,0.0,31
42935,2017,8,1,0.0,31
42935,2017,8,2,0.0,31
42935,2017,8,3,0.0,31
42935,2017,8,4,1.0,31
42935,2017,8,5,0.0,31
42935,2017,8,6,1.5,32
42935,2017,8,7,0.0,32
42935,2017,8,8,0.0,32
42935,2017,8,9,1.0,32
42935,2017,8,10,0.0,32
42935,2017,8,11,0.0,32
42935,2017,8,12,0.0,32
42935,2017,8,13,0.0,33
42935,2017,8,14,1.0,33
42935,2017,8,15,18.0,33
42935,2017,8,16,0.0,33
42935,2017,8,17,0.0,33
42935,2017,8,18,0.0,33
42935,2017,8,19,6.0,33
42935,2017,8,20,58.0,34
42935,2017,8,21,4.0,34
42935,2017,8,22,6.0,34
42935,2017,8,23,16.0,34
42935,2017,8,24,0.0,34
42935,2017,8,25,0.0,34
42935,2017,8,26,0.0,34
42935,2017,8,27,0.0,35
42935,2017,8,28,0.0,35
42935,2017,8,29,0.0,35
42935,2017,8,30,0.0,35
42935,2017,8,31,0.0,35
42935,2017,9,1,0.0,35
42935,2017,9,2,0.0,35
42935,2017,9,3,0.0,36
42935,2017,9,4,0.0,36
42935,2017,9,5,0.0,36
42935,2017,9,6,0.0,36
42935,2017,9,7,0.0,36
42935,2017,9,8,0.0,36
42935,2017,9,9,0.0,36
42935,2017,9,10,0.0,37
42935,2017,9,11,0.0,37
42935,2017,9,12,10.0,37
42935,2017,9,13,0.0,37
42935,2017,9,14,10.0,37
42935,2017,9,15,3.0,37
42935,2017,9,16,51.0,37
42935,2017,9,17,0.0,38
42935,2017,9,18,4.0,38
42935,2017,9,19,2.0,38
42935,2017,9,20,0.0,38
42935,2017,9,21,0.0,38
42935,2017,9,22,0.0,38
42935,2017,9,23,0.0,38
42935,2017,9,24,0.0,39
42935,2017,9,25,0.0,39
42935,2017,9,26,0.0,39
42935,2017,9,27,0.0,39
42935,2017,9,28,0.0,39
42935,2017,9,29,0.0,39
42935,2017,9,30,0.0,39
42935,2017,10,2,0.0,40
42935,2017,10,3,0.0,40
42935,2017,10,4,0.0,40
42935,2017,10,5,0.0,40
42935,2017,10,6,0.0,40
42935,2017,10,7,0.0,40
42935,2017,10,9,0.0,41
42935,2017,10,10,0.0,41
42935,2017,10,11,0.0,41
42935,2017,10,12,0.0,41
42935,2017,10,13,0.0,41
42935,2017,10,14,0.0,41
42935,2017,10,15,0.0,42
42935,2017,10,16,0.0,42
42935,2017,10,17,0.0,42
42935,2017,10,18,0.0,42
42935,2017,10,20,0.0,42
42935,2017,10,21,0.0,42
42935,2017,10,23,0.0,43
42935,2017,10,24,0.0,43
42935,2017,10,26,0.0,43
42935,2017,10,27,0.0,43
42935,2017,10,30,0.0,44
42935,2017,10,31,0.0,44
42935,2017,11,1,0.0,44
42935,2017,11,2,0.0,44
42935,2017,11,3,0.0,44
42935,2017,11,4,0.0,44
42935,2017,11,5,0.0,45
42935,2017,11,6,0.0,45
42935,2017,11,8,0.0,45
42935,2017,11,9,0.0,45
42935,2017,11,10,0.0,45
42935,2017,11,11,0.0,45
42935,2017,11,12,0.0,46
42935,2017,11,13,0.0,46
42935,2017,11,14,0.0,46
42935,2017,11,15,0.0,46
42935,2017,11,16,0.0,46
42935,2017,11,17,0.0,46
42935,2017,11,21,0.0,47
42935,2017,11,22,0.0,47
42935,2017,11,23,0.0,47
42935,2017,11,27,0.0,48
42935,2017,11,28,0.0,48
42935,2017,11,29,0.0,48
42935,2017,11,30,0.0,48
42935,2017,12,1,0.0,48
42935,2017,12,2,0.0,48
42935,2017,12,4,0.0,49
42935,2017,12,5,0.0,49
42935,2017,12,6,0.0,49
42935,2017,12,7,0.0,49
42935,2017,12,8,0.0,49
42935,2017,12,11,0.0,50
42935,2017,12,12,0.0,50
42935,2017,12,13,0.0,50
42935,2017,12,14,0.0,50
42935,2017,12,15,0.0,50
42935,2017,12,16,0.0,50
42935,2017,12,18,0.0,51
42935,2017,12,19,0.0,51
42935,2017,12,20,0.0,51
42935,2017,12,21,0.0,51
42935,2017,12,22,0.0,51
42935,2017,12,26,0.0,52
42935,2017,12,27,0.0,52
42935,2017,12,28,0.0,52
42935,2017,12,29,0.0,52
42935,2017,12,30,0.0,52
42935,2018,6,1,0.0,22
42935,2018,6,2,7.2,22
42935,2018,6,3,16.0,22
42935,2018,6,4,0.0,23
42935,2018,6,5,1.8,23
42935,2018,6,6,8.0,23
42935,2018,6,7,4.3,23
42935,2018,6,8,0.0,23
42935,2018,6,9,93.0,23
42935,2018,6,10,20.0,23
42935,2018,6,11,0.0,24
42935,2018,6,12,6.2,24
42935,2018,6,13,0.0,24
42935,2018,6,14,0.0,24
42935,2018,6,15,0.0,24
42935,2018,6,16,3.1,24
42935,2018,6,17,0.0,24
42935,2018,6,18,1.3,25
42935,2018,6,19,1.5,25
42935,2018,6,20,3.4,25
42935,2018,6,21,9.3,25
42935,2018,6,22,5.5,25
42935,2018,6,23,43.8,25
42935,2018,6,24,16.7,25
42935,2018,6,25,0.0,26
42935,2018,6,26,0.0,26
42935,2018,6,27,25.6,26
42935,2018,6,28,19.2,26
42935,2018,6,29,15.6,26
42935,2018,6,30,3.2,26
42935,2018,7,1,0.9,26
42935,2018,7,2,0.0,27
42935,2018,7,3,0.3,27
42935,2018,7,4,0.0,27
42935,2018,7,5,0.7,27
42935,2018,7,6,1.3,27
42935,2018,7,7,1.0,27
42935,2018,7,8,15.0,27
42935,2018,7,9,11.8,28
42935,2018,7,10,6.0,28
42935,2018,7,11,36.9,28
42935,2018,7,12,18.8,28
42935,2018,7,13,6.4,28
42935,2018,7,14,20.0,28
42935,2018,7,15,35.9,28
42935,2018,7,16,13.4,29
42935,2018,7,17,14.9,29
42935,2018,7,18,9.3,29
42935,2018,7,19,1.3,29
42935,2018,7,20,4.8,29
42935,2018,7,21,6.8,29
42935,2018,7,22,3.9,29
42935,2018,7,23,15.2,30
42935,2018,7,24,3.0,30
42935,2018,7,25,6.5,30
42935,2018,7,26,0.5,30
42935,2018,7,27,0.0,30
42935,2018,7,28,0.0,30
42935,2018,7,29,0.0,30
42935,2018,7,30,0.0,31
42935,2018,7,31,7.2,31
42935,2018,8,1,0.3,31
42935,2018,8,2,2.7,31
42935,2018,8,3,0.0,31
42935,2018,8,4,2.0,31
42935,2018,8,5,3.2,31
42935,2018,8,6,0.0,32
42935,2018,8,7,1.8,32
42935,2018,8,8,0.0,32
42935,2018,8,9,0.2,32
42935,2018,8,10,0.0,32
42935,2018,8,11,1.0,32
42935,2018,8,12,0.0,32
42935,2018,8,13,0.0,33
42935,2018,8,14,0.0,33
42935,2018,8,15,0.3,33
42935,2018,8,16,22.0,33
42935,2018,8,17,75.4,33
42935,2018,8,18,5.7,33
42935,2018,8,19,16.0,33
42935,2018,8,20,6.1,34
42935,2018,8,21,55.5,34
42935,2018,8,22,16.4,34
42935,2018,8,23,3.4,34
42935,2018,8,24,2.6,34
42935,2018,8,25,0.2,34
42935,2018,8,26,0.7,34
42935,2018,8,27,6.1,35
42935,2018,8,28,1.2,35
42935,2018,8,29,0.0,35
42935,2018,8,30,0.0,35
42935,2018,8,31,3.8,35
42935,2018,9,1,0.7,35
42935,2018,9,2,0.0,35
42935,2018,9,3,4.3,36
42935,2018,9,4,0.6,36
42935,2018,9,5,0.0,36
42935,2018,9,6,0.0,36
42935,2018,9,7,0.0,36
42935,2018,9,8,0.0,36
42935,2018,9,9,0.0,36
42935,2018,9,10,0.0,37
42935,2018,9,11,0.0,37
42935,2018,9,12,0.0,37
42935,2018,9,13,0.0,37
42935,2018,9,14,0.0,37
42935,2018,9,15,0.0,37
42935,2018,9,16,4.0,37
42935,2018,9,17,0.0,38
42935,2018,9,18,0.0,38
42935,2018,9,19,0.0,38
42935,2018,9,20,1.1,38
42935,2018,9,21,0.0,38
42935,2018,9,22,7.8,38
42935,2018,9,23,0.4,38
42935,2018,9,24,0.0,39
42935,2018,9,25,9.0,39
42935,2018,9,26,0.0,39
42935,2018,9,27,0.0,39
42935,2018,9,28,3.8,39
42935,2018,9,29,0.0,39
42935,2018,9,30,0.0,39
42935,2019,2,1,0.0,5
42935,2019,2,2,0.0,5
42935,2019,2,4,0.0,5
42935,2019,2,5,0.0,6
42935,2019,2,6,0.0,6
42935,2019,2,7,0.0,6
42935,2019,2,8,0.0,6
42935,2019,2,9,0.0,6
42935,2019,2,11,0.0,6
42935,2019,2,12,,7
42935,2019,2,13,0.0,7
42935,2019,2,14,0.0,7
42935,2019,2,15,0.0,7
42935,2019,2,16,0.0,7
42935,2019,2,18,0.0,7
42935,2019,2,20,0.0,8
42935,2019,2,21,,8
42935,2019,2,23,0.0,8
42935,2019,2,24,0.0,8
42935,2019,2,25,,8
42935,2019,2,26,0.0,9
42935,2019,2,27,0.0,9
42935,2019,2,28,0.0,9
42935,2019,3,1,0.0,9
42935,2019,3,2,0.0,9
42935,2019,3,5,0.0,10
42935,2019,3,6,0.0,10
42935,2019,3,7,0.0,10
42935,2019,3,8,0.0,10
42935,2019,3,9,0.0,10
42935,2019,3,10,0.0,10
42935,2019,3,11,0.0,10
42935,2019,3,12,0.0,11
42935,2019,3,13,0.0,11
42935,2019,3,14,0.0,11
42935,2019,3,15,0.0,11
42935,2019,3,16,0.0,11
42935,2019,3,17,0.0,11
42935,2019,3,18,0.0,11
42935,2019,3,19,0.0,12
42935,2019,3,20,0.0,12
42935,2019,3,21,0.0,12
42935,2019,3,22,0.0,12
42935,2019,3,23,0.0,12
42935,2019,3,24,,12
42935,2019,3,25,0.0,12
42935,2019,3,26,0.0,13
42935,2019,3,27,0.0,13
42935,2019,3,28,0.0,13
42935,2019,3,29,0.0,13
42935,2019,3,30,,13
42935,2019,3,31,0.0,13
42935,2019,4,1,0.0,13
42935,2019,4,2,0.0,14
42935,2019,4,3,0.0,14
42935,2019,4,4,0.0,14
42935,2019,4,5,0.0,14
42935,2019,4,6,0.0,14
42935,2019,4,7,0.0,14
42935,2019,4,8,0.0,14
42935,2019,4,9,0.0,15
42935,2019,4,10,0.0,15
42935,2019,4,11,0.0,15
42935,2019,4,12,0.0,15
42935,2019,4,13,0.0,15
42935,2019,4,14,0.0,15
42935,2019,4,15,0.0,15
42935,2019,4,16,0.0,16
42935,2019,4,17,0.0,16
42935,2019,4,18,0.0,16
42935,2019,4,19,0.0,16
42935,2019,4,20,0.0,16
42935,2019,4,22,0.0,16
42935,2019,4,23,0.0,17
42935,2019,4,24,0.0,17
42935,2019,4,25,0.0,17
42935,2019,4,26,0.0,17
42935,2019,4,27,0.0,17
42935,2019,4,28,0.0,17
42935,2019,4,29,0.0,17
42935,2019,4,30,,18
42935,2019,5,1,,18
42935,2019,5,2,0.0,18
42935,2019,5,3,0.0,18
42935,2019,5,4,0.0,18
42935,2019,5,5,0.0,18
42935,2019,5,6,0.0,18
42935,2019,5,7,0.0,19
42935,2019,5,8,0.0,19
42935,2019,5,9,0.0,19
42935,2019,5,10,0.0,19
42935,2019,5,11,,19
42935,2019,5,12,0.0,19
42935,2019,5,13,0.0,19
42935,2019,5,14,0.0,20
42935,2019,5,15,0.0,20
42935,2019,5,16,0.0,20
42935,2019,5,17,0.0,20
42935,2019,5,18,0.0,20
42935,2019,5,19,0.0,20
42935,2019,5,20,0.0,20
42935,2019,5,21,0.0,21
42935,2019,5,22,0.0,21
42935,2019,5,23,0.0,21
42935,2019,5,24,,21
42935,2019,5,25,,21
42935,2019,5,26,0.0,21
42935,2019,5,27,0.0,21
42935,2019,5,28,0.0,22
42935,2019,5,29,0.0,22
42935,2019,5,30,0.0,22
42935,2019,5,31,0.0,22
42935,2019,6,1,0.0,22
42935,2019,6,2,0.0,22
42935,2019,6,3,0.0,22
42935,2019,6,4,0.0,23
42935,2019,6,5,0.0,23
42935,2019,6,6,0.0,23
42935,2019,6,7,0.0,23
42935,2019,6,8,2.9,23
42935,2019,6,9,6.9,23
42935,2019,6,10,1.6,23
42935,2019,6,11,6.1,24
42935,2019,6,12,0.0,24
42935,2019,6,13,0.0,24
42935,2019,6,14,0.0,24
42935,2019,6,15,0.0,24
42935,2019,6,16,0.0,24
42935,2019,6,17,0.0,24
42935,2019,6,18,0.0,25
42935,2019,6,19,0.0,25
42935,2019,6,20,0.0,25
42935,2019,6,21,0.0,25
42935,2019,6,22,4.2,25
42935,2019,6,23,20.9,25
42935,2019,6,24,4.3,25
42935,2019,6,25,7.6,26
42935,2019,6,26,6.0,26
42935,2019,6,27,3.1,26
42935,2019,6,28,3.6,26
42935,2019,6,29,9.6,26
42935,2019,6,30,24.8,26
42935,2019,7,1,0.0,26
42935,2019,7,2,0.4,27
42935,2019,7,3,60.0,27
42935,2019,7,4,1.7,27
42935,2019,7,5,6.8,27
42935,2019,7,6,5.6,27
42935,2019,7,7,14.6,27
42935,2019,7,8,4.4,27
42935,2019,7,9,18.4,28
42935,2019,7,10,3.4,28
42935,2019,7,11,0.0,28
42935,2019,7,12,0.0,28
42935,2019,7,13,0.0,28
42935,2019,7,14,0.0,28
42935,2019,7,15,0.5,28
42935,2019,7,16,0.0,29
42935,2019,7,17,0.0,29
42935,2019,7,18,0.0,29
42935,2019,7,19,0.0,29
42935,2019,7,20,0.0,29
42935,2019,7,21,17.0,29
42935,2019,7,22,1.6,29
42935,2019,7,23,0.0,30
42935,2019,7,24,0.0,30
42935,2019,7,25,4.2,30
42935,2019,7,26,11.5,30
42935,2019,7,27,25.8,30
42935,2019,7,28,19.9,30
42935,2019,7,29,11.7,30
42935,2019,7,30,12.9,31
42935,2019,7,31,47.6,31
42935,2019,8,1,0.0,31
42935,2019,8,2,17.2,31
42935,2019,8,3,34.4,31
42935,2019,8,4,5.6,31
42935,2019,8,5,0.2,31
42935,2019,8,6,2.4,32
42935,2019,8,7,17.5,32
42935,2019,8,8,17.0,32
42935,2019,8,9,21.8,32
42935,2019,8,10,0.0,32
42935,2019,8,11,0.4,32
42935,2019,8,12,0.6,32
42935,2019,8,13,0.0,33
42935,2019,8,14,0.0,33
42935,2019,8,15,1.0,33
42935,2019,8,16,2.3,33
42935,2019,8,17,0.7,33
42935,2019,8,18,0.0,33
42935,2019,8,19,0.0,33
42935,2019,8,20,0.9,34
42935,2019,8,21,0.0,34
42935,2019,8,22,0.0,34
42935,2019,8,23,1.6,34
42935,2019,8,24,0.0,34
42935,2019,8,25,0.0,34
42935,2019,8,26,1.1,34
42935,2019,8,27,8.5,35
42935,2019,8,28,0.0,35
42935,2019,8,29,0.0,35
42935,2019,8,30,0.0,35
42935,2019,8,31,0.0,35
42935,2019,9,1,8.0,35
42935,2019,9,2,8.3,35
42935,2019,9,3,8.7,36
42935,2019,9,4,2.2,36
42935,2019,9,5,11.0,36
42935,2019,9,6,0.0,36
42935,2019,9,7,0.0,36
42935,2019,9,8,9.2,36
42935,2019,9,9,9.3,36
42935,2019,9,10,5.5,37
42935,2019,9,11,0.9,37
42935,2019,9,12,24.9,37
42935,2019,9,13,3.1,37
42935,2019,9,14,9.3,37
42935,2019,9,15,4.1,37
42935,2019,9,16,0.9,37
42935,2019,9,17,0.0,38
42935,2019,9,18,0.1,38
42935,2019,9,19,0.0,38
42935,2019,9,20,7.8,38
42935,2019,9,21,7.4,38
42935,2019,9,22,0.6,38
42935,2019,9,23,0.0,38
42935,2019,9,24,5.6,39
42935,2019,9,25,11.0,39
42935,2019,9,26,34.1,39
42935,2019,9,27,17.6,39
42935,2019,9,28,9.9,39
42935,2019,9,29,0.0,39
42935,2019,9,30,0.0,39
42935,2019,10,1,0.0,40
42935,2019,10,2,0.0,40
42935,2019,10,3,,40
42935,2019,10,4,,40
42935,2019,10,5,,40
42935,2019,10,6,,40
42935,2019,10,7,,40
42935,2019,10,8,,41
42935,2019,10,9,,41
42935,2019,10,10,,41
42935,2019,10,11,,41
42935,2019,10,12,,41
42935,2019,10,14,,41
42935,2019,10,15,,42
42935,2019,10,16,,42
42935,2019,10,17,,42
42935,2019,10,18,,42
42935,2019,10,19,,42
42935,2019,10,20,,42
42935,2019,10,21,,42
42935,2019,10,22,,43
42935,2019,10,23,,43
42935,2019,10,24,,43
42935,2019,10,25,,43
42935,2019,10,26,,43
42935,2019,10,27,,43
42935,2019,10,28,49.0,43
42935,2019,10,29,,44
42935,2019,10,30,,44
42935,2019,10,31,,44
42935,2019,11,1,0.0,44
42935,2019,11,2,9.0,44
42935,2019,11,3,0.0,44
42935,2019,11,4,5.0,44
42935,2019,11,5,0.0,45
42935,2019,11,6,0.0,45
42935,2019,11,7,0.0,45
42935,2019,11,8,0.0,45
42935,2019,11,10,0.0,45
42935,2019,11,11,0.0,45
42935,2019,11,13,0.0,46
42935,2019,11,14,0.0,46
42935,2019,11,15,0.0,46
42935,2019,11,16,0.0,46
42935,2019,11,17,0.0,46
42935,2019,11,18,0.0,46
42935,2019,11,19,0.0,47
42935,2019,11,20,0.0,47
42935,2019,11,21,0.0,47
42935,2019,11,22,0.0,47
42935,2019,11,23,0.0,47
42935,2019,11,24,0.0,47
42935,2019,11,25,0.0,47
42935,2019,11,26,0.0,48
42935,2019,11,27,0.0,48
42935,2019,11,28,0.0,48
42935,2019,11,29,0.0,48
42935,2019,11,30,0.0,48
42935,2019,12,1,0.0,48
42935,2019,12,2,0.0,48
42935,2019,12,3,0.0,49
42935,2019,12,4,0.0,49
42935,2019,12,5,0.0,49
42935,2019,12,6,0.0,49
42935,2019,12,7,0.0,49
42935,2019,12,8,0.0,49
42935,2019,12,9,0.0,49
42935,2019,12,10,0.0,50
42935,2019,12,11,0.0,50
42935,2019,12,12,0.0,50
42935,2019,12,13,0.0,50
42935,2019,12,14,0.0,50
42935,2019,12,15,0.0,50
42935,2019,12,16,0.0,50
42935,2019,12,17,0.0,51
42935,2019,12,18,0.0,51
42935,2019,12,19,0.0,51
42935,2019,12,20,0.0,51
42935,2019,12,21,0.0,51
42935,2019,12,22,0.0,51
42935,2019,12,23,0.0,51
42935,2019,12,24,0.0,52
42935,2019,12,26,0.0,52
42935,2019,12,27,0.0,52
42935,2019,12,28,0.0,52
42935,2019,12,29,0.0,52
42935,2019,12,30,0.0,52
42935,2019,12,31,0.0,53
42935,2020,1,1,0.0,1
42935,2020,6,1,0.0,22
42935,2020,6,2,0.1,22
42935,2020,6,3,1.0,23
42935,2020,6,4,77.0,23
42935,2020,6,5,0.0,23
42935,2020,6,6,0.0,23
42935,2020,6,7,15.0,23
42935,2020,6,8,0.0,23
42935,2020,6,9,0.0,23
42935,2020,6,10,1.6,24
42935,2020,6,11,18.8,24
42935,2020,6,12,0.0,24
42935,2020,6,13,7.1,24
42935,2020,6,14,17.0,24
42935,2020,6,15,17.6,24
42935,2020,6,16,18.4,24
42935,2020,6,17,0.0,25
42935,2020,6,18,0.0,25
42935,2020,6,19,0.5,25
42935,2020,6,20,0.0,25
42935,2020,6,21,4.2,25
42935,2020,6,22,0.0,25
42935,2020,6,23,0.0,25
42935,2020,6,24,0.0,26
42935,2020,6,25,7.5,26
42935,2020,6,26,15.6,26
42935,2020,6,27,21.3,26
42935,2020,6,28,31.0,26
42935,2020,6,29,14.3,26
42935,2020,6,30,16.6,26
42935,2020,7,1,3.4,27
42935,2020,7,2,0.4,27
42935,2020,7,3,16.2,27
42935,2020,7,4,20.8,27
42935,2020,7,5,12.6,27
42935,2020,7,6,5.6,27
42935,2020,7,7,0.0,27
42935,2020,7,8,5.2,28
42935,2020,7,9,0.0,28
42935,2020,7,10,7.6,28
42935,2020,7,11,6.9,28
42935,2020,7,12,0.0,28
42935,2020,7,13,27.4,28
42935,2020,7,14,1.1,28
42935,2020,7,15,14.3,29
42935,2020,7,16,12.5,29
42935,2020,7,17,18.3,29
42935,2020,7,18,0.0,29
42935,2020,7,19,0.0,29
42935,2020,7,20,0.2,29
42935,2020,7,21,0.6,29
42935,2020,7,22,0.0,30
42935,2020,7,23,24.1,30
42935,2020,7,24,12.5,30
42935,2020,7,25,4.3,30
42935,2020,7,26,0.0,30
42935,2020,7,27,0.0,30
42935,2020,7,28,0.0,30
42935,2020,7,29,7.2,31
42935,2020,7,30,27.0,31
42935,2020,7,31,0.0,31
42935,2020,8,1,0.9,31
42935,2020,8,2,3.1,31
42935,2020,8,3,13.4,31
42935,2020,8,4,0.9,31
42935,2020,8,5,0.4,32
42935,2020,8,6,0.2,32
42935,2020,8,7,1.2,32
42935,2020,8,8,3.0,32
42935,2020,8,9,0.7,32
42935,2020,8,10,9.4,32
42935,2020,8,11,53.3,32
42935,2020,8,12,1.0,33
42935,2020,8,13,19.7,33
42935,2020,8,14,8.3,33
42935,2020,8,15,9.4,33
42935,2020,8,16,2.8,33
42935,2020,8,17,26.6,33
42935,2020,8,18,7.9,33
42935,2020,8,19,16.8,34
42935,2020,8,20,12.6,34
42935,2020,8,21,3.9,34
42935,2020,8,22,1.4,34
42935,2020,8,23,0.0,34
42935,2020,8,24,0.0,34
42935,2020,8,25,0.0,34
42935,2020,8,26,0.0,35
42935,2020,8,27,1.7,35
42935,2020,8,28,1.7,35
42935,2020,8,29,47.9,35
42935,2020,8,30,1.7,35
42935,2020,8,31,0.0,35
42935,2020,9,1,0.0,35
42935,2020,9,2,0.0,36
42935,2020,9,3,0.0,36
42935,2020,9,4,0.6,36
42935,2020,9,5,0.0,36
42935,2020,9,6,0.0,36
42935,2020,9,7,31.7,36
42935,2020,9,8,1.7,36
42935,2020,9,9,0.0,37
42935,2020,9,10,17.8,37
42935,2020,9,11,26.3,37
42935,2020,9,12,3.5,37
42935,2020,9,13,0.0,37
42935,2020,9,14,61.9,37
42935,2020,9,15,0.6,37
42935,2020,9,16,0.6,38
42935,2020,9,17,54.2,38
42935,2020,9,18,0.0,38
42935,2020,9,19,,38
42935,2020,9,20,4.4,38
42935,2020,9,21,25.3,38
42935,2020,9,22,15.5,38
42935,2020,9,23,17.3,39
42935,2020,9,24,7.3,39
42935,2020,9,25,0.0,39
42935,2020,9,26,0.0,39
42935,2020,9,27,12.1,39
42935,2020,9,28,0.1,39
42935,2020,9,29,0.3,39
42935,2020,9,30,0.0,40
42935,2021,5,3,2.0,18
42935,2021,5,5,0.0,18
42935,2021,5,7,5.0,19
42935,2021,5,8,0.0,19
42935,2021,5,9,0.0,19
42935,2021,5,10,0.0,19
42935,2021,5,11,0.0,19
42935,2021,5,12,0.0,19
42935,2021,5,14,0.0,20
42935,2021,5,15,0.0,20
42935,2021,5,17,19.0,20
42935,2021,5,18,0.0,20
42935,2021,5,19,0.0,20
42935,2021,5,20,0.0,20
42935,2021,5,21,0.0,21
42935,2021,5,22,0.0,21
42935,2021,5,23,0.0,21
42935,2021,5,26,0.0,21
42935,2021,5,27,0.0,21
42935,2021,5,28,0.0,22
42935,2021,5,29,0.0,22
42935,2021,5,30,4.0,22
42935,2021,5,31,0.0,22
42935,2021,6,1,0.0,22
42935,2021,6,2,0.0,22
42935,2021,6,3,0.0,22
42935,2021,6,4,0.0,23
42935,2021,6,5,0.0,23
42935,2021,6,6,0.0,23
42935,2021,6,7,10.0,23
42935,2021,6,8,0.0,23
42935,2021,6,9,0.0,23
42935,2021,6,10,70.0,23
42935,2021,6,11,30.0,24
42935,2021,6,12,7.0,24
42935,2021,6,13,0.0,24
42935,2021,6,14,0.0,24
42935,2021,6,15,0.0,24
42935,2021,6,16,70.0,24
42935,2021,6,17,0.0,24
42935,2021,6,18,0.0,25
42935,2021,6,19,0.0,25
42935,2021,6,20,0.0,25
42935,2021,6,21,0.0,25
42935,2021,6,22,0.0,25
42935,2021,6,23,0.0,25
42935,2021,6,24,0.0,25
42935,2021,6,26,0.0,26
42935,2021,6,27,0.0,26
42935,2021,6,28,0.0,26
42935,2021,6,29,0.0,26
42935,2021,6,30,0.0,26
42935,2021,7,1,0.0,26
42935,2021,7,2,0.0,27
42935,2021,7,3,0.0,27
42935,2021,7,4,0.0,27
42935,2021,7,5,0.0,27
42935,2021,7,6,0.0,27
42935,2021,7,7,0.0,27
42935,2021,7,8,0.0,27
42935,2021,7,9,0.0,28
42935,2021,7,10,15.0,28
42935,2021,7,11,5.0,28
42935,2021,7,12,45.0,28
42935,2021,7,13,0.0,28
42935,2021,7,14,0.0,28
42935,2021,7,15,30.0,28
42935,2021,7,16,0.0,29
42935,2021,7,17,0.0,29
42935,2021,7,18,0.0,29
42935,2021,7,19,0.0,29
42935,2021,8,7,0.0,32
42935,2021,8,8,1.3,32
42935,2021,8,9,0.5,32
42935,2021,8,11,0.0,32
42935,2021,8,12,0.0,32
42935,2021,8,13,0.0,33
42935,2021,8,14,0.0,33
42935,2021,8,17,14.0,33
42935,2021,8,18,22.2,33
42935,2021,8,19,24.9,33
42935,2021,8,20,2.2,34
42935,2021,8,21,1.3,34
42935,2021,8,22,1.7,34
42935,2021,8,23,3.9,34
42935,2021,8,24,0.8,34
42935,2021,8,25,1.7,34
42935,2021,8,26,0.0,34
42935,2021,8,27,0.0,35
42935,2021,8,28,0.0,35
42935,2021,8,30,2.9,35
42935,2021,8,31,11.2,35
42935,2021,9,1,8.4,35
42935,2021,9,3,0.0,36
42935,2021,9,10,0.0,37
42935,2021,9,11,2.4,37
42935,2021,9,12,0.4,37
42935,2021,9,13,0.3,37
42935,2021,9,14,5.2,37
42935,2021,9,15,0.0,37
42935,2021,9,16,0.2,37
42935,2021,9,17,0.0,38
42935,2021,9,18,0.2,38
42935,2021,9,19,0.0,38
42935,2021,9,20,0.0,38
42935,2021,9,22,9.5,38
42935,2021,9,23,17.4,38
42935,2021,9,25,10.9,39
42935,2021,9,27,4.3,39
42935,2021,9,30,0.0,39
42935,2021,10,1,1.7,40
42935,2021,10,2,35.2,40
42935,2021,10,4,0.1,40
42935,2021,10,5,2.9,40
42935,2021,10,6,1.1,40
42935,2021,10,7,8.2,40
42935,2021,10,8,0.0,41
42935,2021,10,13,0.0,41
42935,2021,10,15,0.0,42
42935,2021,10,16,0.0,42
42935,2021,10,18,2.2,42
42935,2021,10,19,0.0,42
42935,2021,10,20,0.0,42
42935,2021,10,21,0.0,42
42935,2021,10,22,0.0,43
42935,2021,10,23,0.0,43
42935,2021,10,24,0.0,43
42935,2021,10,25,0.0,43
42935,2021,10,27,0.0,43
42935,2021,10,29,0.0,44
42935,2021,11,2,0.0,44
42935,2021,11,3,,44
42935,2021,11,9,0.0,45
42935,2021,11,12,0.0,46
42935,2021,11,13,0.0,46
42935,2021,11,14,0.0,46
42935,2021,11,15,0.0,46
42935,2021,11,17,0.0,46
42935,2021,11,18,0.0,46
42935,2021,11,19,0.0,47
42935,2021,11,20,0.0,47
42935,2021,11,22,0.0,47
42935,2021,11,23,0.7,47
42935,2021,11,24,0.0,47
42935,2021,11,25,0.0,47
42935,2021,11,26,0.0,48
42935,2021,11,27,0.0,48
42935,2021,11,28,0.0,48
42935,2021,11,29,0.0,48
42935,2021,11,30,0.0,48
42935,2021,12,2,0.0,48
42935,2021,12,3,0.0,49
42935,2021,12,4,0.0,49
42935,2021,12,6,0.0,49
42935,2021,12,7,0.0,49
42935,2021,12,9,0.0,49
42935,2021,12,11,0.0,50
42935,2021,12,12,0.0,50
42935,2021,12,13,0.0,50
42935,2021,12,14,0.0,50
42935,2021,12,15,0.0,50
42935,2021,12,16,0.0,50
42935,2021,12,17,0.0,51
42935,2021,12,24,0.0,52
42935,2022,1,3,0.0,1
42935,2022,1,4,0.0,1
42935,2022,1,5,0.0,1
42935,2022,1,6,0.0,1
42935,2022,1,7,0.0,1
42935,2022,1,8,0.0,2
42935,2022,1,9,0.0,2
42935,2022,1,10,0.0,2
42935,2022,1,11,,2
42935,2022,1,12,0.0,2
42935,2022,1,13,0.0,2
42935,2022,1,14,0.0,2
42935,2022,1,15,0.0,3
42935,2022,1,17,0.0,3
42935,2022,1,18,0.0,3
42935,2022,1,19,0.0,3
42935,2022,1,20,0.0,3
42935,2022,1,21,0.0,3
42935,2022,1,22,0.0,4
42935,2022,1,23,0.0,4
42935,2022,1,27,0.0,4
42935,2022,1,28,0.0,4
42935,2022,1,29,0.0,5
42935,2022,1,31,0.0,5
42935,2022,2,1,0.0,5
42935,2022,2,2,0.0,5
42935,2022,2,3,0.0,5
42935,2022,2,4,0.0,5
42935,2022,2,5,0.0,6
42935,2022,2,7,0.0,6
42935,2022,2,8,0.0,6
42935,2022,2,9,0.0,6
42935,2022,2,10,0.0,6
42935,2022,2,11,0.0,6
42935,2022,2,12,0.0,7
42935,2022,2,13,0.0,7
42935,2022,2,14,0.0,7
42935,2022,2,15,0.0,7
42935,2022,2,16,0.0,7
42935,2022,2,17,0.0,7
42935,2022,2,18,0.0,7
42935,2022,2,19,0.0,8
42935,2022,2,20,0.0,8
42935,2022,2,21,0.0,8
42935,2022,2,22,0.0,8
42935,2022,2,23,0.0,8
42935,2022,2,24,0.0,8
42935,2022,2,25,0.0,8
42935,2022,2,26,0.0,9
42935,2022,2,27,0.0,9
42935,2022,2,28,0.0,9
42935,2022,3,7,0.0,10
42935,2022,3,8,0.0,10
42935,2022,3,9,0.0,10
42935,2022,3,10,0.0,10
42935,2022,3,11,0.0,10
42935,2022,3,12,0.0,11
42935,2022,3,13,0.0,11
42935,2022,3,14,0.0,11
42935,2022,3,15,0.0,11
42935,2022,3,16,0.0,11
42935,2022,3,17,0.0,11
42935,2022,3,19,0.0,12
42935,2022,3,20,0.0,12
42935,2022,3,21,0.0,12
42935,2022,3,22,,12
42935,2022,3,23,0.0,12
42935,2022,3,24,0.0,12
42935,2022,3,26,0.0,13
42935,2022,3,27,0.0,13
42935,2022,3,28,0.0,13
42935,2022,3,29,0.0,13
42935,2022,3,30,0.0,13
42935,2022,3,31,0.0,13
42935,2022,4,1,0.0,13
42935,2022,4,2,0.0,14
42935,2022,4,3,0.0,14
42935,2022,4,4,0.0,14
42935,2022,4,5,0.0,14
42935,2022,4,6,0.0,14
42935,2022,4,7,0.0,14
42935,2022,4,8,0.0,14
42935,2022,4,9,0.0,15
42935,2022,4,12,0.0,15
42935,2022,4,13,0.0,15
42935,2022,4,14,0.0,15
42935,2022,4,15,0.0,15
42935,2022,4,16,0.0,16
42935,2022,4,17,0.0,16
42935,2022,4,18,0.0,16
42935,2022,4,19,0.0,16
42935,2022,4,20,0.0,16
42935,2022,4,21,0.0,16
42935,2022,4,22,0.0,16
42935,2022,4,23,0.0,17
42935,2022,4,24,0.0,17
42935,2022,4,25,0.0,17
42935,2022,4,29,,17
42935,2022,5,5,0.0,18
42935,2022,5,14,0.0,20
42935,2022,5,17,0.0,20
42935,2022,5,18,0.0,20
42935,2022,5,19,0.0,20
42935,2022,5,21,0.0,21
42935,2022,5,23,0.0,21
42935,2022,5,24,0.0,21
42935,2022,5,27,0.0,21
42935,2022,5,30,0.0,22
42935,2022,6,1,0.0,22
42935,2022,6,2,0.0,22
42935,2022,6,3,0.0,22
42935,2022,6,4,0.0,23
42935,2022,6,5,0.0,23
42935,2022,6,8,0.0,23
42935,2022,6,9,0.0,23
42935,2022,6,10,0.0,23
42935,2022,6,11,0.5,24
42935,2022,6,12,1.4,24
42935,2022,6,13,2.0,24
42935,2022,6,14,0.0,24
42935,2022,6,16,20.9,24
42935,2022,6,17,0.0,24
42935,2022,6,18,0.0,25
42935,2022,6,19,5.8,25
42935,2022,6,20,3.4,25
42935,2022,6,21,4.1,25
42935,2022,6,22,10.8,25
42935,2022,6,24,7.1,25
42935,2022,6,25,3.1,26
42935,2022,6,26,0.0,26
42935,2022,6,27,0.0,26
42935,2022,6,28,3.1,26
42935,2022,6,29,1.2,26
42935,2022,7,3,3.4,27
42935,2022,7,9,25.3,28
42935,2022,7,13,55.4,28
42935,2022,7,14,72.3,28
42935,2022,7,15,6.3,28
42935,2022,7,16,0.4,29
42935,2022,7,18,39.9,29
42935,2022,7,19,16.8,29
42935,2022,7,20,0.6,29
42935,2022,7,22,0.5,29
42935,2022,7,23,5.1,30
42935,2022,7,24,6.5,30
42935,2022,7,25,7.9,30
42935,2022,7,26,20.9,30
42935,2022,7,27,8.8,30
42935,2022,7,28,1.1,30
42935,2022,7,29,3.5,30
42935,2022,8,2,0.0,31
42935,2022,8,3,0.4,31
42935,2022,8,4,0.7,31
42935,2022,8,5,40.7,31
42935,2022,8,6,1.0,32
42935,2022,8,17,,33
42935,2022,8,18,0.0,33
42935,2022,8,19,1.8,33
42935,2022,8,20,0.5,34
42935,2022,8,21,5.4,34
42935,2022,8,22,0.2,34
42935,2022,8,24,3.1,34
42935,2022,8,27,0.0,35
42935,2022,9,1,9.7,35
42935,2022,9,12,23.2,37
42935,2022,9,13,5.2,37
42935,2022,9,14,3.7,37
42935,2022,9,15,0.0,37
42935,2022,9,17,7.2,38
42935,2022,9,18,20.8,38
42935,2022,9,20,0.5,38
42935,2022,9,21,0.0,38
42935,2022,9,22,0.0,38
42935,2022,9,23,0.5,38
42935,2022,9,24,2.3,39
42935,2022,9,26,0.0,39
42935,2022,9,27,0.0,39
42935,2022,9,28,0.0,39
42935,2022,9,29,0.0,39
42935,2022,9,30,0.1,39
42935,2022,10,1,0.1,40
42935,2022,10,3,0.0,40
42935,2022,10,4,0.0,40
42935,2022,10,5,0.0,40
42935,2022,10,6,43.6,40
42935,2022,10,9,0.0,41
42935,2022,10,10,10.5,41
42935,2022,10,11,12.1,41
42935,2022,10,12,0.0,41
42935,2022,10,13,,41
42935,2022,10,15,0.0,42
42935,2022,10,19,9.9,42
42935,2022,10,20,0.0,42
42935,2022,11,11,0.0,45
42935,2022,11,30,0.0,48
42935,2022,12,14,0.0,50
42935,2022,12,15,0.0,50
42935,2022,12,18,0.0,51
42935,2023,1,1,,1
42935,2023,1,3,,1
42935,2023,1,4,,1
42935,2023,1,5,,1
42935,2023,1,6,,1
42935,2023,1,9,0.0,2
42935,2023,1,10,,2
42935,2023,1,11,,2
42935,2023,1,12,,2
42935,2023,1,13,,2
42935,2023,1,14,,2
42935,2023,1,15,,3
42935,2023,1,16,,3
42935,2023,1,17,,3
42935,2023,1,18,,3
42935,2023,1,19,0.0,3
42935,2023,1,20,,3
42935,2023,1,21,,3
42935,2023,1,22,,4
42935,2023,1,23,,4
42935,2023,1,24,,4
42935,2023,1,25,,4
42935,2023,1,27,,4
42935,2023,1,31,,5
42935,2023,2,1,0.0,5
42935,2023,2,2,0.0,5
42935,2023,2,3,0.0,5
42935,2023,2,4,0.0,5
42935,2023,2,5,0.0,6
42935,2023,2,6,0.0,6
42935,2023,2,7,0.0,6
42935,2023,2,8,0.0,6
42935,2023,2,9,0.0,6
42935,2023,2,10,,6
42935,2023,2,11,0.0,6
42935,2023,2,13,0.0,7
42935,2023,2,14,0.0,7
42935,2023,2,15,0.0,7
42935,2023,2,16,0.0,7
42935,2023,2,17,,7
42935,2023,2,18,0.0,7
42935,2023,2,19,0.0,8
42935,2023,2,20,0.0,8
42935,2023,2,21,0.0,8
42935,2023,2,22,0.0,8
42935,2023,2,23,0.0,8
42935,2023,2,24,0.0,8
42935,2023,2,25,0.0,8
42935,2023,2,26,0.0,9
42935,2023,2,27,0.0,9
42935,2023,2,28,0.0,9
42935,2023,3,1,0.0,9
42935,2023,3,2,0.0,9
42935,2023,3,3,0.0,9
42935,2023,3,6,,10
42935,2023,3,7,0.0,10
42935,2023,3,9,0.0,10
42935,2023,3,10,0.0,10
42935,2023,3,11,0.0,10
42935,2023,3,12,0.0,11
42935,2023,3,13,0.0,11
42935,2023,3,14,0.0,11
42935,2023,3,15,0.0,11
42935,2023,3,16,1.0,11
42935,2023,3,17,2.0,11
42935,2023,3,18,3.0,11
42935,2023,3,19,0.0,12
42935,2023,3,20,0.0,12
42935,2023,3,21,0.0,12
42935,2023,3,22,0.0,12
42935,2023,3,23,0.0,12
42935,2023,3,24,0.0,12
42935,2023,3,25,0.0,12
42935,2023,3,26,0.0,13
42935,2023,3,27,0.0,13
42935,2023,3,28,0.0,13
42935,2023,3,29,0.0,13
42935,2023,3,30,0.0,13
42935,2023,3,31,0.0,13
42935,2023,4,1,0.0,13
42935,2023,4,2,0.0,14
42935,2023,4,3,0.0,14
42935,2023,4,4,0.0,14
42935,2023,4,5,0.0,14
42935,2023,4,6,0.0,14
42935,2023,4,7,0.0,14
42935,2023,4,8,0.0,14
42935,2023,4,9,0.0,15
42935,2023,4,10,9.0,15
42935,2023,4,11,0.0,15
42935,2023,4,12,0.0,15
42935,2023,4,13,0.0,15
42935,2023,4,14,0.0,15
42935,2023,4,15,0.0,15
42935,2023,4,16,0.0,16
42935,2023,4,17,0.0,16
42935,2023,4,18,0.0,16
42935,2023,4,19,2.0,16
42935,2023,4,20,0.0,16
42935,2023,4,21,0.0,16
42935,2023,4,26,0.0,17
42935,2023,4,27,14.0,17
42935,2023,4,28,12.0,17
42935,2023,4,29,0.0,17
42935,2023,4,30,22.0,18
42935,2023,5,2,54.0,18
42935,2023,5,3,,18
42935,2023,5,7,0.0,19
42935,2023,5,8,0.0,19
42935,2023,5,9,,19
42935,2023,5,10,0.0,19
42935,2023,5,11,0.0,19
42935,2023,5,12,0.0,19
42935,2023,5,16,0.0,20
42935,2023,5,17,0.0,20
42935,2023,5,18,0.0,20
42935,2023,5,19,0.0,20
42935,2023,5,20,0.0,20
42935,2023,5,21,0.0,21
42935,2023,5,22,0.0,21
42935,2023,5,23,0.0,21
42935,2023,5,24,0.0,21
42935,2023,5,25,0.0,21
42935,2023,5,26,0.0,21
42935,2023,5,27,0.0,21
42935,2023,5,28,0.0,22
42935,2023,5,29,0.0,22
42935,2023,5,30,0.0,22
42935,2023,6,6,0.0,23
42935,2023,6,7,0.0,23
42935,2023,6,8,0.0,23
42935,2023,6,9,0.0,23
42935,2023,6,10,0.0,23
42935,2023,6,11,0.0,24
42935,2023,6,13,0.0,24
42935,2023,6,15,0.0,24
42935,2023,6,16,0.0,24
42935,2023,6,17,0.0,24
42935,2023,6,18,0.0,25
42935,2023,6,19,0.0,25
42935,2023,6,20,0.0,25
42935,2023,6,21,0.0,25
42935,2023,6,22,0.0,25
42935,2023,6,23,0.0,25
42935,2023,6,24,0.0,25
42935,2023,6,25,0.0,26
42935,2023,6,26,0.0,26
42935,2023,6,27,0.0,26
42935,2023,6,28,0.0,26
42935,2023,6,30,0.0,26
42935,2023,7,1,0.0,26
42935,2023,7,2,0.0,27
42935,2023,7,3,0.0,27
42935,2023,7,4,0.0,27
42935,2023,7,5,0.0,27
42935,2023,7,6,,27
42935,2023,7,9,0.0,28
42935,2023,7,10,0.0,28
42935,2023,7,11,0.0,28
42935,2023,7,12,2.0,28
42935,2023,7,13,1.5,28
42935,2023,7,14,1.5,28
42935,2023,7,15,41.0,28
42935,2023,7,16,8.0,29
42935,2023,7,17,0.0,29
42935,2023,7,18,0.0,29
42935,2023,7,19,5.1,29
42935,2023,7,20,2.0,29
42935,2023,7,21,6.0,29
42935,2023,7,22,32.0,29
42935,2023,7,23,24.0,30
42935,2023,7,24,49.0,30
42935,2023,7,25,2.0,30
42935,2023,7,26,0.0,30
42935,2023,7,27,0.0,30
42935,2023,7,28,2.0,30
42935,2023,7,29,0.0,30
42935,2023,7,30,0.0,31
42935,2023,7,31,0.0,31
42935,2023,8,1,0.0,31
42935,2023,8,2,3.0,31
42935,2023,8,3,0.0,31
42935,2023,8,4,0.0,31
42935,2023,8,5,0.0,31
42935,2023,8,6,3.0,32
42935,2023,8,7,0.0,32
42935,2023,8,8,0.0,32
42935,2023,8,9,0.2,32
42935,2023,8,10,0.0,32
42935,2023,8,11,0.0,32
42935,2023,8,12,0.0,32
42935,2023,8,13,0.0,33
42935,2023,8,14,0.0,33
42935,2023,8,15,0.0,33
42935,2023,8,16,0.4,33
42935,2023,8,17,0.0,33
42935,2023,8,18,0.0,33
42935,2023,8,22,0.0,34
42935,2023,8,23,0.0,34
42935,2023,8,24,3.0,34
42935,2023,8,25,0.0,34
42935,2023,8,26,0.0,34
42935,2023,8,27,0.0,35
42935,2023,8,28,0.0,35
42935,2023,8,29,0.0,35
42935,2023,8,30,0.0,35
42935,2023,8,31,0.0,35
42935,2023,9,1,0.0,35
42935,2023,9,2,0.0,35
42935,2023,9,3,0.0,36
42935,2023,9,4,0.0,36
42935,2023,9,5,0.0,36
42935,2023,9,6,0.1,36
42935,2023,9,7,0.3,36
42935,2023,9,8,0.2,36
42935,2023,9,9,15.0,36
42935,2023,9,10,6.0,37
42935,2023,9,12,0.0,37
42935,2023,9,13,0.0,37
42935,2023,9,14,0.0,37
42935,2023,9,15,0.0,37
42935,2023,9,16,0.0,37
42935,2023,9,17,0.0,38
42935,2023,9,18,0.0,38
42935,2023,9,19,0.0,38
42935,2023,9,20,0.0,38
42935,2023,9,21,0.0,38
42935,2023,9,22,8.0,38
42935,2023,9,23,0.0,38
42935,2023,9,24,0.0,39
42935,2023,9,25,8.7,39
42935,2023,9,26,3.0,39
42935,2023,9,28,0.0,39
42935,2023,9,29,6.0,39
42935,2023,9,30,9.0,39
42935,2023,10,1,0.0,40
42935,2023,10,2,0.0,40
42935,2023,10,3,0.0,40
42935,2023,10,4,0.0,40
42935,2023,10,5,0.0,40
42935,2023,10,6,0.0,40
42935,2023,10,7,0.0,40
42935,2023,10,8,0.0,41
42935,2023,10,9,0.0,41
42935,2023,10,10,0.0,41
42935,2023,10,11,0.0,41
42935,2023,10,12,0.0,41
42935,2023,10,13,0.0,41
42935,2023,10,14,0.0,41
42935,2023,10,15,0.0,42
42935,2023,10,16,0.0,42
42935,2023,10,17,0.0,42
42935,2023,10,18,0.0,42
42935,2023,10,19,0.0,42
42935,2023,10,20,0.0,42
42935,2023,10,21,0.0,42
42935,2023,10,22,0.0,43
42935,2023,10,23,0.0,43
42935,2023,10,24,0.0,43
42935,2023,10,25,0.0,43
42935,2023,10,26,0.0,43
42935,2023,10,27,0.0,43
42935,2023,10,28,0.0,43
42935,2023,10,29,0.0,44
42935,2023,10,30,0.0,44
42935,2023,10,31,0.0,44
42935,2023,11,1,0.0,44
42935,2023,11,2,0.0,44
42935,2023,11,3,0.0,44
42935,2023,11,4,0.0,44
42935,2023,11,5,0.0,45
42935,2023,11,6,0.0,45
42935,2023,11,7,0.0,45
42935,2023,11,8,0.0,45
42935,2023,11,9,0.0,45
42935,2023,11,10,0.0,45
42935,2023,11,11,0.0,45
42935,2023,11,12,0.0,46
42935,2023,11,13,0.0,46
42935,2023,11,14,0.0,46
42935,2023,11,15,0.0,46
42935,2023,11,16,0.0,46
42935,2023,11,17,0.0,46
42935,2023,11,18,0.0,46
42935,2023,11,19,0.0,47
42935,2023,11,20,0.0,47
42935,2023,11,21,0.0,47
42935,2023,11,22,0.0,47
42935,2023,11,23,0.0,47
42935,2023,11,24,0.0,47
42935,2023,11,25,0.0,47
42935,2023,11,26,0.0,48
42935,2023,11,28,36.0,48
42935,2023,11,30,0.0,48
42935,2023,12,1,0.0,48
42935,2023,12,2,0.0,48
42935,2023,12,3,0.0,49
42935,2023,12,4,0.0,49
42935,2023,12,5,0.0,49
42935,2023,12,6,0.0,49
42935,2023,12,7,0.0,49
42935,2023,12,8,0.0,49
42935,2023,12,9,0.0,49
42935,2023,12,10,0.0,50
42935,2023,12,11,0.0,50
42935,2023,12,12,0.0,50
42935,2023,12,13,0.0,50
42935,2023,12,14,0.0,50
42935,2023,12,15,0.0,50
42935,2023,12,16,0.0,50
42935,2023,12,17,0.0,51
42935,2023,12,18,0.0,51
42935,2023,12,19,0.0,51
42935,2023,12,20,0.0,51
42935,2023,12,21,0.0,51
42935,2023,12,22,0.0,51
42935,2023,12,23,0.0,51
42935,2023,12,24,0.0,52
42935,2023,12,25,0.0,52
42935,2023,12,26,0.0,52
42935,2023,12,27,0.0,52
42935,2023,12,28,0.0,52
42935,2023,12,29,0.0,52
42935,2023,12,30,0.0,52
42935,2023,12,31,0.0,53
42935,2024,1,1,0.0,1
42935,2024,1,2,0.0,1
42935,2024,1,3,0.0,1
42935,2024,1,4,0.0,1
42935,2024,1,5,0.0,1
42935,2024,1,6,0.0,1
42935,2024,1,7,0.0,1
42935,2024,1,8,0.0,2
42935,2024,1,9,0.0,2
42935,2024,1,10,0.0,2
42935,2024,1,11,0.0,2
42935,2024,1,12,0.0,2
42935,2024,1,13,0.0,2
42935,2024,1,14,0.0,2
42935,2024,1,15,0.0,3
42935,2024,1,16,0.0,3
42935,2024,1,17,0.0,3
42935,2024,1,18,0.0,3
42935,2024,1,19,0.0,3
42935,2024,1,20,0.0,3
42935,2024,1,21,0.0,3
42935,2024,1,22,0.0,4
42935,2024,1,23,0.0,4
42935,2024,1,24,0.0,4
42935,2024,1,25,0.0,4
42935,2024,1,26,0.0,4
42935,2024,1,27,0.0,4
42935,2024,1,28,0.0,4
42935,2024,1,29,0.0,5
42935,2024,1,30,0.0,5
42935,2024,1,31,0.0,5
42935,2024,2,1,0.0,5
42935,2024,2,2,0.0,5
42935,2024,2,3,0.0,5
42935,2024,2,4,0.0,5
42935,2024,2,5,0.0,6
42935,2024,2,6,0.0,6
42935,2024,2,7,0.0,6
42935,2024,2,8,0.0,6
42935,2024,2,9,0.0,6
42935,2024,2,10,0.0,6
42935,2024,2,11,0.0,6
42935,2024,2,12,0.0,7
42935,2024,2,13,0.0,7
42935,2024,2,14,0.0,7
42935,2024,2,15,0.0,7
42935,2024,2,16,0.0,7
42935,2024,2,17,0.0,7
42935,2024,2,18,0.0,7
42935,2024,2,19,0.0,8
42935,2024,2,20,0.0,8
42935,2024,2,21,0.0,8
42935,2024,2,22,0.0,8
42935,2024,2,23,0.0,8
42935,2024,2,24,0.0,8
42935,2024,2,25,0.0,8
42935,2024,2,26,0.0,9
42935,2024,2,27,0.0,9
42935,2024,2,28,0.0,9
42935,2024,2,29,0.0,9
42935,2024,3,1,0.0,9
42935,2024,3,2,0.0,9
42935,2024,3,3,0.0,9
42935,2024,3,4,0.0,10
42935,2024,3,5,0.0,10
42935,2024,3,6,0.0,10
42935,2024,3,7,0.0,10
42935,2024,3,8,0.0,10
42935,2024,3,9,0.0,10
42935,2024,3,10,0.0,10
42935,2024,3,11,0.0,11
42935,2024,3,12,0.0,11
42935,2024,3,13,0.0,11
42935,2024,3,14,0.0,11
42935,2024,3,15,0.0,11
42935,2024,3,16,0.0,11
42935,2024,3,17,0.0,11
42935,2024,3,18,0.0,12
42935,2024,3,19,0.0,12
42935,2024,3,20,0.0,12
42935,2024,3,21,0.0,12
42935,2024,3,22,0.0,12
42935,2024,3,23,0.0,12
42935,2024,3,24,0.0,12
42935,2024,3,25,0.0,13
42935,2024,3,26,0.0,13
42935,2024,3,27,0.0,13
42935,2024,3,28,0.0,13
42935,2024,3,29,0.0,13
42935,2024,3,30,0.0,13
42935,2024,3,31,0.0,13
42935,2024,4,1,0.0,14
42935,2024,4,2,0.0,14
42935,2024,4,3,0.0,14
42935,2024,4,4,0.0,14
42935,2024,4,5,0.0,14
42935,2024,4,6,0.0,14
42935,2024,4,7,0.0,14
42935,2024,4,8,0.0,15
42935,2024,4,9,0.0,15
42935,2024,4,10,14.0,15
42935,2024,4,11,0.0,15
42935,2024,4,12,0.0,15
42935,2024,4,13,6.0,15
42935,2024,4,14,0.0,15
42935,2024,4,15,0.0,16
42935,2024,4,16,0.0,16
42935,2024,4,17,0.0,16
42935,2024,4,18,0.0,16
42935,2024,4,19,0.0,16
42935,2024,4,20,0.0,16
42935,2024,4,21,0.0,16
42935,2024,4,22,0.0,17
42935,2024,4,23,0.0,17
42935,2024,4,24,0.0,17
42935,2024,4,25,0.0,17
42935,2024,4,27,5.0,17
42935,2024,4,28,0.0,17
42935,2024,4,29,2.0,18
42935,2024,4,30,0.0,18
42935,2024,5,1,0.0,18
42935,2024,5,2,0.0,18
42935,2024,5,3,0.0,18
42935,2024,5,4,0.0,18
42935,2024,5,5,0.0,18
42935,2024,5,6,0.0,19
42935,2024,5,7,0.0,19
42935,2024,5,8,0.0,19
42935,2024,5,9,0.0,19
42935,2024,5,10,0.0,19
42935,2024,5,12,0.0,19
42935,2024,5,13,0.0,20
42935,2024,5,14,0.0,20
42935,2024,5,16,0.0,20
42935,2024,5,17,0.0,20
42935,2024,5,18,0.0,20
42935,2024,5,19,0.0,20
42935,2024,5,20,0.0,21
42935,2024,5,21,0.0,21
42935,2024,5,22,0.0,21
42935,2024,5,24,0.0,21
42935,2024,5,25,0.0,21
42935,2024,5,26,0.0,21
42935,2024,5,27,0.0,22
42935,2024,5,28,0.0,22
42935,2024,5,29,0.0,22
42935,2024,5,30,0.0,22
42935,2024,5,31,0.0,22
42935,2024,6,1,0.0,22
42935,2024,6,2,0.0,22
42935,2024,6,3,0.0,23
42935,2024,6,4,38.0,23
42935,2024,6,5,0.0,23
42935,2024,6,6,0.0,23
42935,2024,6,7,0.0,23
42935,2024,6,8,0.0,23
42935,2024,6,9,0.0,23
42935,2024,6,10,3.0,24
42935,2024,6,11,1.0,24
42935,2024,6,12,0.0,24
42935,2024,6,13,0.0,24
42935,2024,6,14,0.0,24
42935,2024,6,15,4.0,24
42935,2024,6,16,0.0,24
42935,2024,6,17,0.0,25
42935,2024,6,18,0.0,25
42935,2024,6,19,0.0,25
42935,2024,6,20,0.0,25
42935,2024,6,21,0.0,25
42935,2024,6,22,0.0,25
42935,2024,6,23,0.0,25
42935,2024,6,24,17.0,26
42935,2024,6,25,0.0,26
42935,2024,6,26,0.0,26
42935,2024,6,27,1.0,26
42935,2024,6,28,0.0,26
42935,2024,6,29,2.0,26
42935,2024,6,30,0.0,26
42935,2024,7,1,8.0,27
42935,2024,7,2,0.0,27
42935,2024,7,3,3.0,27
42935,2024,7,4,0.0,27
42935,2024,7,5,1.2,27
42935,2024,7,6,0.0,27
42935,2024,7,7,0.0,27
42935,2024,7,8,10.0,28
42935,2024,7,9,26.0,28
42935,2024,7,10,14.0,28
42935,2024,7,11,0.0,28
42935,2024,7,12,0.0,28
42935,2024,7,13,5.0,28
42935,2024,7,14,0.0,28
42935,2024,7,15,91.0,29
42935,2024,7,16,5.0,29
42935,2024,7,17,2.0,29
42935,2024,7,18,0.0,29
42935,2024,7,19,1.0,29
42935,2024,7,20,0.0,29
42935,2024,7,21,10.0,29
42935,2024,7,22,7.0,30
42935,2024,7,23,0.0,30
42935,2024,7,24,6.0,30
42935,2024,7,25,13.0,30
42935,2024,7,26,1.0,30
42935,2024,7,27,3.0,30
42935,2024,7,28,17.0,30
42935,2024,7,29,19.0,31
42935,2024,7,30,1.0,31
42935,2024,7,31,42.0,31
42935,2024,8,1,2.0,31
42935,2024,8,2,21.0,31
42935,2024,8,3,2.0,31
42935,2024,8,4,4.0,31
42935,2024,8,5,0.0,32
42935,2024,8,6,0.0,32
42935,2024,8,7,0.0,32
42935,2024,8,8,0.0,32
42935,2024,8,9,0.0,32
42935,2024,8,10,7.0,32
42935,2024,8,11,1.0,32
42935,2024,8,12,0.0,33
42935,2024,8,13,0.0,33
42935,2024,8,14,0.0,33
42935,2024,8,15,0.0,33
42935,2024,8,16,0.0,33
42935,2024,8,17,0.0,33
42935,2024,8,18,19.0,33
42935,2024,8,19,0.0,34
42935,2024,8,20,21.0,34
42935,2024,8,21,0.0,34
42935,2024,8,22,0.0,34
42935,2024,8,23,0.0,34
42935,2024,8,24,24.0,34
42935,2024,8,25,13.0,34
42935,2024,8,26,0.0,35
42935,2024,8,27,0.0,35
42935,2024,8,28,0.0,35
42935,2024,8,29,15.0,35
42935,2024,8,30,0.0,35
42935,2024,8,31,0.0,35
42935,2024,9,1,33.0,35
42935,2024,9,2,15.0,36
42935,2024,9,3,7.0,36
42935,2024,9,4,0.0,36
42935,2024,9,5,0.0,36
42935,2024,9,6,24.0,36
42935,2024,9,7,10.0,36
42935,2024,9,8,0.0,36
42935,2024,9,9,0.0,37
42935,2024,9,10,0.0,37
42935,2024,9,11,0.0,37
42935,2024,9,12,0.0,37
42935,2024,9,13,0.0,37
42935,2024,9,14,0.0,37
42935,2024,9,15,0.0,37
42935,2024,9,16,0.0,38
42935,2024,9,17,0.0,38
42935,2024,9,18,0.0,38
42935,2024,9,19,0.0,38
42935,2024,9,20,0.0,38
42935,2024,9,21,0.0,38
42935,2024,9,22,54.0,38
42935,2024,9,23,24.6,39
42935,2024,9,24,5.4,39
42935,2024,9,25,0.0,39
42935,2024,9,26,6.6,39
42935,2024,9,27,2.1,39
42935,2024,9,28,0.0,39
42935,2024,9,29,0.0,39
42935,2024,9,30,0.0,40
42935,2024,10,1,0.0,40
42935,2024,10,2,0.0,40
42935,2024,10,3,0.0,40
42935,2024,10,4,0.0,40
42935,2024,10,5,0.0,40
42935,2024,10,6,0.0,40
42935,2024,10,7,0.0,41
42935,2024,10,8,0.0,41
42935,2024,10,9,0.0,41
42935,2024,10,10,0.0,41
42935,2024,10,11,0.0,41
42935,2024,10,12,0.0,41
42935,2024,10,13,0.0,41
42935,2024,10,14,0.0,42
42935,2024,10,15,0.0,42
42935,2024,10,16,0.0,42
42935,2024,10,17,0.0,42
42935,2024,10,18,0.0,42
42935,2024,10,19,0.0,42
42935,2024,10,20,8.4,42
42935,2024,10,21,0.0,43
42935,2024,10,22,0.0,43
42935,2024,10,23,0.0,43
42935,2024,10,24,0.0,43
42935,2024,10,25,0.0,43
42935,2024,10,26,0.0,43
42935,2024,10,27,0.0,43
42935,2024,10,28,0.0,44
42935,2024,10,29,0.0,44
42935,2024,10,30,0.0,44
42935,2024,10,31,0.0,44
42935,2024,11,1,0.0,44
42935,2024,11,2,0.0,44
42935,2024,11,3,0.0,44
42935,2024,11,4,0.0,45
42935,2024,11,5,0.0,45
42935,2024,11,6,0.0,45
42935,2024,11,7,0.0,45
42935,2024,11,8,0.0,45
42935,2024,11,9,0.0,45
42935,2024,11,10,0.0,45
42935,2024,11,11,0.0,46
42935,2024,11,12,0.0,46
42935,2024,11,13,0.0,46
42935,2024,11,14,0.0,46
42935,2024,11,15,0.0,46
42935,2024,11,16,0.0,46
42935,2024,11,17,0.0,46
42935,2024,11,18,0.0,47
42935,2024,11,19,0.0,47
42935,2024,11,20,0.0,47
42935,2024,11,21,0.0,47
42935,2024,11,22,0.0,47
42935,2024,11,23,0.0,47
42935,2024,11,24,0.0,47
42935,2024,11,25,0.0,48
42935,2024,11,26,0.0,48
42935,2024,11,27,0.0,48
42935,2024,11,28,0.0,48
42935,2024,11,29,0.0,48
42935,2024,11,30,0.0,48
42935,2024,12,1,0.0,48
42935,2024,12,2,0.0,49
42935,2024,12,3,0.0,49
42935,2024,12,4,0.0,49
42935,2024,12,5,0.0,49
42935,2024,12,6,0.0,49
42935,2024,12,7,0.0,49
42935,2024,12,8,0.0,49
42935,2024,12,9,0.0,50
42935,2024,12,10,0.0,50
42935,2024,12,11,0.0,50
42935,2024,12,12,0.0,50
42935,2024,12,13,0.0,50
42935,2024,12,14,0.0,50
42935,2024,12,15,0.0,50
42935,2024,12,16,0.0,51
42935,2024,12,17,0.0,51
42935,2024,12,18,0.0,51
42935,2024,12,19,0.0,51
42935,2024,12,20,0.0,51
42935,2024,12,21,0.0,51
42935,2024,12,22,0.0,51
42935,2024,12,23,0.0,52
42935,2024,12,24,0.0,52
42935,2024,12,25,0.0,52
42935,2024,12,26,0.0,52
42935,2024,12,27,0.0,52
42935,2024,12,28,0.0,52
42935,2024,12,29,0.0,52
42935,2024,12,30,0.0,53
42935,2024,12,31,0.0,53
42935,2025,1,1,0.0,1
42935,2025,1,2,0.0,1
42935,2025,1,3,0.0,1
42935,2025,1,4,0.0,1
42935,2025,1,5,0.0,1
42935,2025,1,6,0.0,1
42935,2025,1,7,0.0,1
42935,2025,1,8,0.0,2
42935,2025,1,9,0.0,2
42935,2025,1,10,0.0,2
42935,2025,1,11,0.0,2
42935,2025,1,12,0.0,2
42935,2025,1,13,0.0,2
42935,2025,1,14,0.0,2
42935,2025,1,15,0.0,3
42935,2025,1,16,0.0,3
42935,2025,1,17,0.0,3
42935,2025,1,18,0.0,3
42935,2025,1,19,0.0,3
42935,2025,1,20,0.0,3
42935,2025,1,21,0.0,3
42935,2025,1,22,0.0,4
42935,2025,1,23,0.0,4
42935,2025,1,24,0.0,4
42935,2025,1,25,0.0,4
42935,2025,1,26,0.0,4
42935,2025,1,27,0.0,4
42935,2025,1,28,0.0,4
42935,2025,1,29,0.0,5
42935,2025,1,30,0.0,5
42935,2025,1,31,0.0,5
42935,2025,2,1,0.0,5
42935,2025,2,2,0.0,5
42935,2025,2,3,0.0,5
42935,2025,2,4,0.0,5
42935,2025,2,5,0.0,6
42935,2025,2,6,0.0,6
42935,2025,2,7,0.0,6
42935,2025,2,8,0.0,6
42935,2025,2,9,0.0,6
42935,2025,2,10,0.0,6
42935,2025,2,11,0.0,6
42935,2025,2,12,0.0,7
42935,2025,2,13,0.0,7
42935,2025,2,14,0.0,7
42935,2025,2,15,0.0,7
42935,2025,2,16,0.0,7
42935,2025,2,17,0.0,7
42935,2025,2,18,0.0,7
42935,2025,2,19,0.0,8
42935,2025,2,20,0.0,8
42935,2025,2,21,0.0,8
42935,2025,2,22,0.0,8
42935,2025,2,23,0.0,8
42935,2025,2,24,0.0,8
42935,2025,2,25,0.0,8
42935,2025,2,26,0.0,9
42935,2025,2,27,0.0,9
42935,2025,2,28,0.0,9
42935,2025,3,1,0.0,9
42935,2025,3,2,0.0,9
42935,2025,3,3,0.0,9
42935,2025,3,4,0.0,9
42935,2025,3,5,0.0,10
42935,2025,3,6,0.0,10
42935,2025,3,7,0.0,10
42935,2025,3,8,0.0,10
42935,2025,3,9,0.0,10
42935,2025,3,10,0.0,10
42935,2025,3,11,0.0,10
42935,2025,3,12,0.0,11
42935,2025,3,13,0.0,11
42935,2025,3,14,0.0,11
42935,2025,3,15,0.0,11
42935,2025,3,16,0.0,11
42935,2025,3,17,0.0,11
42935,2025,3,18,0.0,11
42935,2025,3,19,0.0,12
42935,2025,3,20,0.0,12
42935,2025,3,21,0.0,12
42935,2025,3,22,0.0,12
42935,2025,3,23,0.0,12
42935,2025,3,24,0.0,12
42935,2025,3,25,0.0,12
42935,2025,3,26,0.0,13
42935,2025,3,27,0.0,13
42935,2025,3,28,0.0,13
42935,2025,3,29,0.0,13
42935,2025,3,30,0.0,13
42935,2025,3,31,0.0,13
42935,2025,4,1,0.0,13
42935,2025,4,2,0.0,14
42935,2025,4,3,0.0,14
42935,2025,4,4,0.0,14
42935,2025,4,5,0.0,14
42935,2025,4,6,0.0,14
42935,2025,4,7,0.0,14
42935,2025,4,8,0.0,14
42935,2025,4,9,0.0,15
42935,2025,4,10,0.0,15
42935,2025,4,11,0.0,15
42935,2025,4,12,0.0,15
42935,2025,4,13,0.0,15
42935,2025,4,14,0.0,15
42935,2025,4,15,0.0,15
42935,2025,4,16,0.0,16
42935,2025,4,17,0.0,16
42935,2025,4,18,0.0,16
42935,2025,4,19,0.0,16
42935,2025,4,20,0.0,16
42935,2025,4,21,0.0,16
42935,2025,4,22,0.0,16
42935,2025,4,23,0.0,17
42935,2025,4,24,0.0,17
42935,2025,4,25,0.0,17
42935,2025,4,26,0.0,17
42935,2025,4,27,0.0,17
42935,2025,4,28,0.0,17
42935,2025,4,29,0.0,17
42935,2025,4,30,0.0,18
42935,2025,5,1,0.0,18
42935,2025,5,2,0.0,18
42935,2025,5,3,0.0,18
42935,2025,5,4,0.0,18
42935,2025,5,5,0.0,18
42935,2025,5,6,0.0,18
42935,2025,5,7,0.0,19
42935,2025,5,8,0.0,19
42935,2025,5,9,1.9,19
42935,2025,5,10,0.0,19
42935,2025,5,11,0.0,19
42935,2025,5,12,1.2,19
42935,2025,5,13,3.2,19
42935,2025,5,14,0.0,20
42935,2025,5,15,0.0,20
42935,2025,5,16,0.0,20
42935,2025,5,17,0.0,20
42935,2025,5,18,0.0,20
42935,2025,5,19,3.8,20
42935,2025,5,20,0.0,20
42935,2025,5,21,16.0,21
42935,2025,5,22,38.6,21
42935,2025,5,23,0.0,21
42935,2025,5,24,12.4,21
42935,2025,5,25,17.4,21
42935,2025,5,26,53.2,21
42935,2025,5,27,0.0,21
42935,2025,5,28,7.2,22
42935,2025,5,29,0.0,22
42935,2025,5,30,0.0,22
42935,2025,5,31,0.0,22
42935,2025,6,1,0.0,22
42935,2025,6,2,0.0,22
42935,2025,6,3,0.0,22
42935,2025,6,4,0.0,23
42935,2025,6,5,0.0,23
42935,2025,6,6,0.0,23
42935,2025,6,7,0.0,23
42935,2025,6,8,0.0,23
42935,2025,6,9,0.0,23
42935,2025,6,10,0.0,23
42935,2025,6,11,0.0,24
42935,2025,6,12,0.0,24
42935,2025,6,13,15.6,24
42935,2025,6,14,0.0,24
42935,2025,6,15,0.0,24
42935,2025,6,16,0.0,24
42935,2025,6,17,0.0,24
42935,2025,6,18,0.0,25
42935,2025,6,19,0.0,25
42935,2025,6,20,0.0,25
42935,2025,6,21,0.0,25
42935,2025,6,22,0.0,25
42935,2025,6,23,0.0,25
42935,2025,6,24,0.0,25
42935,2025,6,25,1.2,26
42935,2025,6,26,122.4,26
42935,2025,6,27,19.5,26
42935,2025,6,28,2.0,26
42935,2025,6,29,8.0,26
42935,2025,6,30,4.4,26
42935,2025,7,1,0.0,26
42935,2025,7,2,0.0,27
42935,2025,7,3,1.4,27
42935,2025,7,4,0.0,27
42935,2025,7,5,0.0,27
42935,2025,7,6,9.2,27
42935,2025,7,7,29.6,27
42935,2025,7,8,10.8,27
42935,2025,7,9,11.2,28
42935,2025,7,10,5.8,28
42935,2025,7,11,8.4,28
42935,2025,7,12,0.0,28
42935,2025,7,13,0.0,28
42935,2025,7,14,0.0,28
42935,2025,7,15,2.2,28
42935,2025,7,16,0.0,29
42935,2025,7,17,0.0,29
42935,2025,7,18,0.0,29
42935,2025,7,19,0.0,29
42935,2025,7,20,0.0,29
42935,2025,7,21,0.0,29
42935,2025,7,22,19.2,29
42935,2025,7,23,0.0,30
42935,2025,7,24,0.0,30
42935,2025,7,25,21.6,30
42935,2025,7,26,22.8,30
42935,2025,7,27,22.0,30
42935,2025,7,28,0.6,30
42935,2025,7,29,4.2,30
42935,2025,7,30,0.0,31
42935,2025,7,31,2.6,31
42935,2025,8,1,0.0,31
42935,2025,8,2,0.0,31
42935,2025,8,3,0.0,31
42935,2025,8,4,0.0,31
42935,2025,8,5,0.0,31
42935,2025,8,6,0.0,32
42935,2025,8,7,0.0,32
42935,2025,8,8,17.4,32
42935,2025,8,9,18.0,32
42935,2025,8,10,24.2,32
42935,2025,8,11,0.0,32
42935,2025,8,12,0.0,32
42935,2025,8,13,0.0,33
42935,2025,8,14,2.8,33
42935,2025,8,15,0.0,33
42935,2025,8,16,42.6,33
42935,2025,8,17,113.2,33
42935,2025,8,18,29.6,33
42935,2025,8,19,46.2,33
42935,2025,8,20,0.4,34
42935,2025,8,21,4.4,34
42935,2025,8,22,3.4,34
42935,2025,8,23,0.0,34
42935,2025,8,24,6.8,34
42935,2025,8,25,0.0,34
42935,2025,8,26,0.0,34
42935,2025,8,27,6.0,35
42935,2025,8,28,1.6,35
42935,2025,8,29,6.2,35
42935,2025,8,30,7.6,35
42935,2025,8,31,1.2,35
42935,2025,9,1,16.6,35
42935,2025,9,2,66.6,35
42935,2025,9,3,0.0,36
42935,2025,9,4,4.2,36
42935,2025,9,5,1.4,36
42935,2025,9,6,12.6,36
42935,2025,9,7,2.2,36
42935,2025,9,8,2.2,36
42935,2025,9,9,26.6,36
42935,2025,9,10,0.0,37
42935,2025,9,11,2.6,37
42935,2025,9,12,0.0,37
42935,2025,9,13,9.2,37
42935,2025,9,14,32.6,37
42935,2025,9,15,0.0,37
42935,2025,9,16,55.6,37
42935,2025,9,17,0.0,38
42935,2025,9,18,3.8,38
42935,2025,9,19,0.0,38
42935,2025,9,20,3.2,38
42935,2025,9,21,0.0,38
42935,2025,9,22,0.0,38
42935,2025,9,23,,38
42935,2025,9,24,0.0,39
42935,2025,9,25,0.0,39
42935,2025,9,26,1.6,39
42935,2025,9,27,49.8,39
42935,2025,9,28,34.2,39
42935,2025,9,29,1.6,39
42935,2025,9,30,0.0,39
42935,2025,10,1,0.0,40
42935,2025,10,2,0.0,40
42935,2025,10,3,0.0,40
42935,2025,10,4,0.0,40
42935,2025,10,5,0.0,40
42935,2025,10,6,0.0,40
42935,2025,10,7,0.0,40
42935,2025,10,8,0.0,41
42935,2025,10,9,0.0,41
42935,2025,10,10,0.0,41
42935,2025,10,11,0.0,41
42935,2025,10,12,0.0,41
42935,2025,10,13,0.0,41
42935,2025,10,14,0.0,41
42935,2025,10,15,0.0,42
42935,2025,10,16,0.0,42
42935,2025,10,17,0.0,42
42935,2025,10,18,0.0,42
42935,2025,10,19,0.0,42
42935,2025,10,20,0.0,42
42935,2025,10,21,0.0,42
42935,2025,10,22,11.8,43
42935,2025,10,23,0.0,43
42935,2025,10,24,0.0,43
42935,2025,10,25,0.0,43
42935,2025,10,26,0.0,43
42935,2025,10,27,2.2,43
42935,2025,10,28,0.0,43
42935,2025,10,29,0.0,44
42935,2025,10,30,17.8,44
42935,2025,10,31,0.0,44
42935,2025,11,1,0.0,44
42935,2025,11,2,0.0,44
42935,2025,11,3,0.0,44
42935,2025,11,4,0.0,44
42935,2025,11,5,0.0,45
42935,2025,11,6,0.0,45
42935,2025,11,7,0.0,45
42935,2025,11,8,0.0,45
42935,2025,11,9,0.0,45
42935,2025,11,10,0.0,45
42935,2025,11,11,0.0,45
42935,2025,11,12,0.0,46
42935,2025,11,13,0.0,46
42935,2025,11,14,0.0,46
42935,2025,11,15,0.0,46
42935,2025,11,16,0.0,46
42935,2025,11,17,0.0,46
42935,2025,11,18,0.0,46
42935,2025,11,19,0.0,47
42935,2025,11,20,0.0,47
42935,2025,11,21,0.0,47
42935,2025,11,22,0.0,47
42935,2025,11,23,0.0,47
42935,2025,11,24,0.0,47
42935,2025,11,25,0.0,47
42935,2025,11,26,0.0,48
42935,2025,11,27,0.0,48
42935,2025,11,28,0.0,48
42935,2025,11,29,0.0,48
42935,2025,11,30,0.0,48
42935,2025,12,1,0.0,48
42935,2025,12,2,0.0,48
42935,2025,12,3,0.0,49
42935,2025,12,4,0.0,49
42935,2025,12,5,0.0,49
42935,2025,12,6,0.0,49
42935,2025,12,7,0.0,49
42935,2025,12,8,0.0,49
42935,2025,12,9,0.0,49
42935,2025,12,10,0.0,50
42935,2025,12,11,0.0,50
42935,2025,12,12,0.0,50
42935,2025,12,13,0.0,50
42935,2025,12,14,0.0,50
42935,2025,12,15,0.0,50
42935,2025,12,16,0.0,50
42935,2025,12,17,0.0,51
42935,2025,12,18,0.0,51
42935,2025,12,19,0.0,51
42935,2025,12,20,0.0,51
42935,2025,12,21,0.0,51
42935,2025,12,22,0.0,51
42935,2025,12,23,0.0,51
42935,2025,12,24,0.0,52
42935,2025,12,25,0.0,52
42935,2025,12,26,0.0,52
42935,2025,12,27,0.0,52
42935,2025,12,28,0.0,52
42935,2025,12,29,0.0,52
42935,2025,12,30,0.0,52
42935,2025,12,31,0.0,53
